#,Learner First Name (s),Learner Last Name,Learner Grade,Learner Class,Learner Mobile Number,Learner Email address (Optional),Parent 1 First Name (s),Parent 1 Last Name,Parent 1 Mobile Number,Parent 1 Email address (Optional),Parent 2 First Name (s),Parent 2 Last Name,Parent 2 Mobile Number,Parent 2 Email address (Optional),,,,,
1,Brian,Durham,Grade 1,Gr 1A,836189524,peoplesr@att.net,Barbara,Durham,836189524,peoplesr@att.net,Brad,Durham,836189524,peoplesr@att.net,,,,,
2,Amanda,Moore,Grade 1,Gr 1A,8569825,kmself@yahoo.ca,Sheila,Moore,8569825,kmself@yahoo.ca,Jacob,Moore,8569825,kmself@yahoo.ca,,,,,
3,Tammy,May,Grade 1,Gr 1A,833267474,bigmauler@outlook.com,Tracy,May,833267474,bigmauler@outlook.com,Timothy,May,833267474,bigmauler@outlook.com,,,,,
4,Debra,Thomas,Grade 1,Gr 1A,846673953,jespley@comcast.net,Karen,Thomas,846673953,jespley@comcast.net,Patrick,Thomas,846673953,jespley@comcast.net,,,,,
5,Laura,Dalton,Grade 1,Gr 1A,83440796,pontipak@verizon.net,Jamie,Dalton,83440796,pontipak@verizon.net,Craig,Dalton,83440796,pontipak@verizon.net,,,,,
6,Rebecca,Walker,Grade 1,Gr 1A,834153419,scottlee@att.net,Mrs.,Walker,834153419,scottlee@att.net,James,Walker,834153419,scottlee@att.net,,,,,
7,Mr.,Jordan,Grade 1,Gr 1A,846519690,sakusha@comcast.net,Alexandria,Jordan,846519690,sakusha@comcast.net,Nicholas,Jordan,846519690,sakusha@comcast.net,,,,,
8,Carolyn,Young,Grade 1,Gr 1A,839006143,evans@outlook.com,Destiny,Young,839006143,evans@outlook.com,Austin,Young,839006143,evans@outlook.com,,,,,
9,Nicole,Davis,Grade 1,Gr 1A,839073458,zyghom@sbcglobal.net,Kimberly,Davis,839073458,zyghom@sbcglobal.net,Eric,Davis,839073458,zyghom@sbcglobal.net,,,,,
10,Douglas,Mcdonald,Grade 1,Gr 1A,828077377,rjones@verizon.net,Lisa,Mcdonald,828077377,rjones@verizon.net,Robert,Mcdonald,828077377,rjones@verizon.net,,,,,
11,William,Perez,Grade 1,Gr 1A,835736714,eabrown@hotmail.com,Maureen,Perez,835736714,eabrown@hotmail.com,Christopher,Perez,835736714,eabrown@hotmail.com,,,,,
12,Ashley,Mcdaniel,Grade 1,Gr 1A,846743005,damian@sbcglobal.net,Jennifer,Mcdaniel,846743005,damian@sbcglobal.net,Robert,Mcdaniel,846743005,damian@sbcglobal.net,,,,,
13,Henry,Morris,Grade 1,Gr 1A,829227113,maratb@att.net,Cheryl,Morris,829227113,maratb@att.net,Brian,Morris,829227113,maratb@att.net,,,,,
14,Laura,Martinez,Grade 1,Gr 1A,834281252,jdray@me.com,Brenda,Martinez,834281252,jdray@me.com,Joseph,Martinez,834281252,jdray@me.com,,,,,
15,Latasha,Clark,Grade 1,Gr 1A,845622064,ovprit@sbcglobal.net,Rebecca,Clark,845622064,ovprit@sbcglobal.net,Jason,Clark,845622064,ovprit@sbcglobal.net,,,,,
16,Sarah,Harris,Grade 1,Gr 1A,846759794,ubergeeb@verizon.net,Samantha,Harris,846759794,ubergeeb@verizon.net,Nicolas,Harris,846759794,ubergeeb@verizon.net,,,,,
17,Mr.,Joe,Grade 1,Gr 1A,825934464,chaffar@outlook.com,Amanda,Joe,825934464,chaffar@outlook.com,Tim,Joe,825934464,chaffar@outlook.com,,,,,
18,Justin,Watts,Grade 1,Gr 1A,838389282,phyruxus@live.com,Teresa,Watts,838389282,phyruxus@live.com,John,Watts,838389282,phyruxus@live.com,,,,,
19,Cassidy,Taylor,Grade 1,Gr 1A,829702535,thurston@att.net,Jaime,Taylor,829702535,thurston@att.net,John,Taylor,829702535,thurston@att.net,,,,,
20,Angel,Rice,Grade 1,Gr 1A,821995398,knorr@sbcglobal.net,Shannon,Rice,821995398,knorr@sbcglobal.net,Dave,Rice,821995398,knorr@sbcglobal.net,,,,,
21,Alexander,Schmidt,Grade 1,Gr 1A,836189524,irving@me.com,Linda,Schmidt,836189524,irving@me.com,James,Schmidt,836189524,irving@me.com,,,,,
22,Karen,Brown,Grade 1,Gr 1A,8569825,satch@hotmail.com,Taylor,Brown,8569825,satch@hotmail.com,Ryan,Brown,8569825,satch@hotmail.com,,,,,
23,Zachary,Oliver,Grade 1,Gr 1A,833267474,magusnet@aol.com,Valerie,Oliver,833267474,magusnet@aol.com,Robert,Oliver,833267474,magusnet@aol.com,,,,,
24,Erica,Martinez,Grade 1,Gr 1A,846673953,jrkorson@mac.com,Julia,Martinez,846673953,jrkorson@mac.com,Jose,Martinez,846673953,jrkorson@mac.com,,,,,
25,Mrs.,Sally,Grade 1,Gr 1A,83440796,jrifkin@sbcglobal.net,Chelsea,Sally,83440796,jrifkin@sbcglobal.net,Patrick,Sally,83440796,jrifkin@sbcglobal.net,,,,,
26,William,Johnson,Grade 1,Gr 1A,834153419,ducasse@optonline.net,Sherry,Johnson,834153419,ducasse@optonline.net,Jason,Johnson,834153419,ducasse@optonline.net,,,,,
27,Carmen,Aguirre,Grade 1,Gr 1A,846519690,granboul@me.com,Julie,Aguirre,846519690,granboul@me.com,Ronald,Aguirre,846519690,granboul@me.com,,,,,
28,Michelle,Hall,Grade 1,Gr 1A,839006143,fukuchi@gmail.com,Heather,Hall,839006143,fukuchi@gmail.com,Douglas,Hall,839006143,fukuchi@gmail.com,,,,,
29,Jason,Bishop,Grade 1,Gr 1A,839073458,tristan@aol.com,Molly,Bishop,839073458,tristan@aol.com,Johnny,Bishop,839073458,tristan@aol.com,,,,,
30,Patricia,Hill,Grade 1,Gr 1A,828077377,stewwy@hotmail.com,Donna,Hill,828077377,stewwy@hotmail.com,Jeremy,Hill,828077377,stewwy@hotmail.com,,,,,
31,Donald,Holden,Grade 1,Gr 1A,835736714,bowmanbs@outlook.com,Kristen,Holden,835736714,bowmanbs@outlook.com,Aaron,Holden,835736714,bowmanbs@outlook.com,,,,,
32,Brenda,Bradford,Grade 1,Gr 1B,846743005,juliano@icloud.com,Anna,Bradford,846743005,juliano@icloud.com,Nicholas,Bradford,846743005,juliano@icloud.com,,,,,
33,Matthew,Abbott,Grade 1,Gr 1B,829227113,dobey@yahoo.ca,Kristin,Abbott,829227113,dobey@yahoo.ca,Joseph,Abbott,829227113,dobey@yahoo.ca,,,,,
34,Ashley,Lozano,Grade 1,Gr 1B,834281252,joglo@gmail.com,Angela,Lozano,834281252,joglo@gmail.com,Jason,Lozano,834281252,joglo@gmail.com,,,,,
35,James,Rivas,Grade 1,Gr 1B,845622064,campbell@yahoo.ca,Kathleen,Rivas,845622064,campbell@yahoo.ca,Robert,Rivas,845622064,campbell@yahoo.ca,,,,,
36,Elizabeth,Webster,Grade 1,Gr 1B,846759794,agolomsh@aol.com,Amanda,Webster,846759794,agolomsh@aol.com,Perry,Webster,846759794,agolomsh@aol.com,,,,,
37,Melanie,Bailey,Grade 1,Gr 1B,825934464,cantu@msn.com,Denise,Bailey,825934464,cantu@msn.com,Daniel,Bailey,825934464,cantu@msn.com,,,,,
38,Duane,Mills,Grade 1,Gr 1B,838389282,singer@aol.com,Amanda,Mills,838389282,singer@aol.com,Christian,Mills,838389282,singer@aol.com,,,,,
39,Daniel,Johnson,Grade 1,Gr 1B,829702535,jyoliver@yahoo.com,Bailey,Johnson,829702535,jyoliver@yahoo.com,Gregory,Johnson,829702535,jyoliver@yahoo.com,,,,,
40,Christopher,Massey,Grade 1,Gr 1B,821995398,violinhi@aol.com,Debra,Massey,821995398,violinhi@aol.com,Gregory,Massey,821995398,violinhi@aol.com,,,,,
41,Rebekah,Davis,Grade 1,Gr 1B,836189524,malin@me.com,Deborah,Davis,836189524,malin@me.com,Joel,Davis,836189524,malin@me.com,,,,,
42,Daniel,Williams,Grade 1,Gr 1B,8569825,mcrawfor@msn.com,Amber,Williams,8569825,mcrawfor@msn.com,Jeff,Williams,8569825,mcrawfor@msn.com,,,,,
43,Erica,Davidson,Grade 1,Gr 1B,833267474,durist@hotmail.com,Samantha,Davidson,833267474,durist@hotmail.com,Richard,Davidson,833267474,durist@hotmail.com,,,,,
44,Christopher,Duffy,Grade 1,Gr 1B,846673953,luvirini@sbcglobal.net,Anna,Duffy,846673953,luvirini@sbcglobal.net,Riley,Duffy,846673953,luvirini@sbcglobal.net,,,,,
45,Bruce,Nguyen,Grade 1,Gr 1B,83440796,hauma@optonline.net,Kathleen,Nguyen,83440796,hauma@optonline.net,Nathan,Nguyen,83440796,hauma@optonline.net,,,,,
46,Brittany,Richardson,Grade 1,Gr 1B,834153419,roamer@outlook.com,Veronica,Richardson,834153419,roamer@outlook.com,Thomas,Richardson,834153419,roamer@outlook.com,,,,,
47,Maria,Mitchell,Grade 1,Gr 1B,846519690,matthijs@me.com,Rose,Mitchell,846519690,matthijs@me.com,Jerome,Mitchell,846519690,matthijs@me.com,,,,,
48,Robert,Brown,Grade 1,Gr 1B,839006143,dkrishna@optonline.net,Sally,Brown,839006143,dkrishna@optonline.net,Charles,Brown,839006143,dkrishna@optonline.net,,,,,
49,Sean,Johnson,Grade 1,Gr 1B,839073458,khris@yahoo.ca,Brooke,Johnson,839073458,khris@yahoo.ca,Thomas,Johnson,839073458,khris@yahoo.ca,,,,,
50,Kelly,Gray,Grade 1,Gr 1B,828077377,kayvonf@aol.com,Alexandra,Gray,828077377,kayvonf@aol.com,Shawn,Gray,828077377,kayvonf@aol.com,,,,,
51,Jeffrey,Daugherty,Grade 1,Gr 1B,835736714,portele@gmail.com,Crystal,Daugherty,835736714,portele@gmail.com,David,Daugherty,835736714,portele@gmail.com,,,,,
52,Linda,Mueller,Grade 1,Gr 1B,846743005,birddog@me.com,Valerie,Mueller,846743005,birddog@me.com,Tyler,Mueller,846743005,birddog@me.com,,,,,
53,David,Gonzalez,Grade 1,Gr 1B,829227113,grdschl@yahoo.ca,Natasha,Gonzalez,829227113,grdschl@yahoo.ca,Jason,Gonzalez,829227113,grdschl@yahoo.ca,,,,,
54,Tyler,Davis,Grade 1,Gr 1B,834281252,vsprintf@live.com,Natalie,Davis,834281252,vsprintf@live.com,Michael,Davis,834281252,vsprintf@live.com,,,,,
55,Jennifer,Hunt,Grade 1,Gr 1B,845622064,odlyzko@live.com,Brooke,Hunt,845622064,odlyzko@live.com,Roberto,Hunt,845622064,odlyzko@live.com,,,,,
56,Jason,Dominguez,Grade 1,Gr 1B,846759794,mcmillan@gmail.com,Leah,Dominguez,846759794,mcmillan@gmail.com,Eric,Dominguez,846759794,mcmillan@gmail.com,,,,,
57,Amanda,Knox,Grade 1,Gr 1B,825934464,scotfl@icloud.com,Julie,Knox,825934464,scotfl@icloud.com,Bradley,Knox,825934464,scotfl@icloud.com,,,,,
58,Tara,Mcgee,Grade 1,Gr 1B,838389282,valdez@comcast.net,Amber,Mcgee,838389282,valdez@comcast.net,Connor,Mcgee,838389282,valdez@comcast.net,,,,,
59,Ian,Walls,Grade 1,Gr 1B,829702535,lpalmer@att.net,Sarah,Walls,829702535,lpalmer@att.net,Mark,Walls,829702535,lpalmer@att.net,,,,,
60,Ashlee,Garcia,Grade 1,Gr 1B,821995398,wainwrig@sbcglobal.net,Megan,Garcia,821995398,wainwrig@sbcglobal.net,David,Garcia,821995398,wainwrig@sbcglobal.net,,,,,
61,Angela,Snyder,Grade 1,Gr 1B,836189524,grossman@aol.com,Jennifer,Snyder,836189524,grossman@aol.com,Timothy,Snyder,836189524,grossman@aol.com,,,,,
62,Katherine,Hernandez,Grade 1,Gr 1B,8569825,fraser@msn.com,Jessica,Hernandez,8569825,fraser@msn.com,Robert,Hernandez,8569825,fraser@msn.com,,,,,
63,John,Oneal,Grade 1,Gr 1B,833267474,wonderkid@sbcglobal.net,Rebecca,Oneal,833267474,wonderkid@sbcglobal.net,Kevin,Oneal,833267474,wonderkid@sbcglobal.net,,,,,
64,Levi,Ward,Grade 1,Gr 1B,846673953,moinefou@att.net,Ashlee,Ward,846673953,moinefou@att.net,Patrick,Ward,846673953,moinefou@att.net,,,,,
65,Amber,Jordan,Grade 1,Gr 1B,83440796,wikinerd@icloud.com,Robin,Jordan,83440796,wikinerd@icloud.com,Cameron,Jordan,83440796,wikinerd@icloud.com,,,,,
66,Gail,Jones,Grade 1,Gr 1B,834153419,techie@icloud.com,Linda,Jones,834153419,techie@icloud.com,Charles,Jones,834153419,techie@icloud.com,,,,,
67,Molly,Mcdonald,Grade 1,Gr 1B,846519690,osrin@comcast.net,Christine,Mcdonald,846519690,osrin@comcast.net,Samuel,Mcdonald,846519690,osrin@comcast.net,,,,,
68,Jared,Allen,Grade 1,Gr 1B,839006143,jshearer@sbcglobal.net,Stephanie,Allen,839006143,jshearer@sbcglobal.net,Casey,Allen,839006143,jshearer@sbcglobal.net,,,,,
69,Erin,Robinson,Grade 1,Gr 1B,839073458,gozer@outlook.com,Jennifer,Robinson,839073458,gozer@outlook.com,Jesse,Robinson,839073458,gozer@outlook.com,,,,,
70,Joseph,Reyes,Grade 1,Gr 1B,828077377,cgreuter@hotmail.com,Marilyn,Reyes,828077377,cgreuter@hotmail.com,Jeffrey,Reyes,828077377,cgreuter@hotmail.com,,,,,
71,Jeffrey,Ford,Grade 1,Gr 1B,835736714,tsuruta@aol.com,Nicole,Ford,835736714,tsuruta@aol.com,Todd,Ford,835736714,tsuruta@aol.com,,,,,
72,Alexandra,Young,Grade 1,Gr 1B,846743005,emcleod@sbcglobal.net,Christina,Young,846743005,emcleod@sbcglobal.net,Jack,Young,846743005,emcleod@sbcglobal.net,,,,,
73,Alejandro,Harper,Grade 1,Gr 1B,829227113,isorashi@icloud.com,Jasmine,Harper,829227113,isorashi@icloud.com,Roger,Harper,829227113,isorashi@icloud.com,,,,,
74,Gabriel,Stephens,Grade 1,Gr 1B,834281252,dkrishna@comcast.net,Kathleen,Stephens,834281252,dkrishna@comcast.net,Kevin,Stephens,834281252,dkrishna@comcast.net,,,,,
75,Leslie,Johnson,Grade 1,Gr 1B,845622064,cmdrgravy@optonline.net,Rachel,Johnson,845622064,cmdrgravy@optonline.net,Phillip,Johnson,845622064,cmdrgravy@optonline.net,,,,,
76,Eileen,Jimenez,Grade 1,Gr 1B,846759794,grady@comcast.net,Ashley,Jimenez,846759794,grady@comcast.net,Warren,Jimenez,846759794,grady@comcast.net,,,,,
77,Kayla,Johnson,Grade 1,Gr 1B,825934464,adhere@yahoo.ca,Victoria,Johnson,825934464,adhere@yahoo.ca,Jeffrey,Johnson,825934464,adhere@yahoo.ca,,,,,
78,Clifford,King,Grade 1,Gr 1B,838389282,torgox@live.com,Tina,King,838389282,torgox@live.com,Wayne,King,838389282,torgox@live.com,,,,,
79,Tommy,Wiggins,Grade 1,Gr 1B,829702535,tristan@comcast.net,Jaime,Wiggins,829702535,tristan@comcast.net,Leonard,Wiggins,829702535,tristan@comcast.net,,,,,
80,Leslie,Elliott,Grade 1,Gr 1B,821995398,shaffei@mac.com,Michelle,Elliott,821995398,shaffei@mac.com,Christopher,Elliott,821995398,shaffei@mac.com,,,,,
81,Rebecca,Garcia,Grade 1,Gr 1B,836189524,neonatus@yahoo.ca,Amber,Garcia,836189524,neonatus@yahoo.ca,David,Garcia,836189524,neonatus@yahoo.ca,,,,,
82,Oscar,Bennett,Grade 1,Gr 1B,8569825,demmel@verizon.net,Darlene,Bennett,8569825,demmel@verizon.net,Jordan,Bennett,8569825,demmel@verizon.net,,,,,
83,Alicia,Ho,Grade 1,Gr 1B,833267474,nwiger@msn.com,Anna,Ho,833267474,nwiger@msn.com,Thomas,Ho,833267474,nwiger@msn.com,,,,,
84,Mary,Clark,Grade 1,Gr 1B,846673953,geoffr@yahoo.ca,Christina,Clark,846673953,geoffr@yahoo.ca,Samuel,Clark,846673953,geoffr@yahoo.ca,,,,,
85,Ian,Cervantes,Grade 1,Gr 1B,83440796,kourai@sbcglobal.net,Carrie,Cervantes,83440796,kourai@sbcglobal.net,Jason,Cervantes,83440796,kourai@sbcglobal.net,,,,,
86,Jennifer,Butler,Grade 1,Gr 1B,834153419,dialworld@sbcglobal.net,Angela,Butler,834153419,dialworld@sbcglobal.net,Nicholas,Butler,834153419,dialworld@sbcglobal.net,,,,,
87,Angela,Carpenter,Grade 1,Gr 1B,846519690,tubajon@icloud.com,Susan,Carpenter,846519690,tubajon@icloud.com,Brian,Carpenter,846519690,tubajon@icloud.com,,,,,
88,Mr.,Austin,Grade 1,Gr 1B,839006143,chrisj@comcast.net,Dr.,Austin,839006143,chrisj@comcast.net,Ricky,Austin,839006143,chrisj@comcast.net,,,,,
89,James,Gill,Grade 1,Gr 1B,839073458,ramollin@optonline.net,Angela,Gill,839073458,ramollin@optonline.net,David,Gill,839073458,ramollin@optonline.net,,,,,
90,Lee,Jones,Grade 1,Gr 1B,828077377,barlow@hotmail.com,Felicia,Jones,828077377,barlow@hotmail.com,Christopher,Jones,828077377,barlow@hotmail.com,,,,,
91,Jason,Mann,Grade 1,Gr 1B,835736714,geekoid@hotmail.com,Wendy,Mann,835736714,geekoid@hotmail.com,Charles,Mann,835736714,geekoid@hotmail.com,,,,,
92,Joshua,Welch,Grade 1,Gr 1B,846743005,phizntrg@mac.com,Crystal,Welch,846743005,phizntrg@mac.com,Colton,Welch,846743005,phizntrg@mac.com,,,,,
93,Michele,David,Grade 1,Gr 1B,829227113,lcheng@live.com,Jenny,David,829227113,lcheng@live.com,Michael,David,829227113,lcheng@live.com,,,,,
94,Kristy,Edwards,Grade 1,Gr 1B,834281252,gemmell@yahoo.com,Jamie,Edwards,834281252,gemmell@yahoo.com,James,Edwards,834281252,gemmell@yahoo.com,,,,,
95,Sarah,Smith,Grade 1,Gr 1B,845622064,staikos@live.com,Pamela,Smith,845622064,staikos@live.com,Kevin,Smith,845622064,staikos@live.com,,,,,
96,Allen,Giles,Grade 1,Gr 1B,846759794,josem@yahoo.com,Carmen,Giles,846759794,josem@yahoo.com,Christopher,Giles,846759794,josem@yahoo.com,,,,,
97,Jason,Ramirez,Grade 1,Gr 1C,825934464,dvdotnet@yahoo.ca,Cindy,Ramirez,825934464,dvdotnet@yahoo.ca,William,Ramirez,825934464,dvdotnet@yahoo.ca,,,,,
98,Timothy,Robinson,Grade 1,Gr 1C,838389282,willg@sbcglobal.net,Jennifer,Robinson,838389282,willg@sbcglobal.net,Tyler,Robinson,838389282,willg@sbcglobal.net,,,,,
99,Jeremy,West,Grade 1,Gr 1C,829702535,noneme@gmail.com,Crystal,West,829702535,noneme@gmail.com,Carl,West,829702535,noneme@gmail.com,,,,,
100,Luis,Rice,Grade 1,Gr 1C,821995398,nelson@outlook.com,Karen,Rice,821995398,nelson@outlook.com,James,Rice,821995398,nelson@outlook.com,,,,,
101,Cody,Cook,Grade 1,Gr 1C,836189524,comdig@hotmail.com,Christine,Cook,836189524,comdig@hotmail.com,George,Cook,836189524,comdig@hotmail.com,,,,,
102,Shane,Briggs,Grade 1,Gr 1C,8569825,miturria@outlook.com,Carolyn,Briggs,8569825,miturria@outlook.com,Stephen,Briggs,8569825,miturria@outlook.com,,,,,
103,Jenna,Hall,Grade 1,Gr 1C,833267474,bonmots@outlook.com,Ariana,Hall,833267474,bonmots@outlook.com,Geoffrey,Hall,833267474,bonmots@outlook.com,,,,,
104,Jose,Copeland,Grade 1,Gr 1C,846673953,tellis@live.com,Danielle,Copeland,846673953,tellis@live.com,Daniel,Copeland,846673953,tellis@live.com,,,,,
105,Jessica,Simmons,Grade 1,Gr 1C,83440796,slaff@optonline.net,Jill,Simmons,83440796,slaff@optonline.net,Joseph,Simmons,83440796,slaff@optonline.net,,,,,
106,Victoria,Bell,Grade 1,Gr 1C,834153419,rasca@yahoo.com,Brittany,Bell,834153419,rasca@yahoo.com,Daniel,Bell,834153419,rasca@yahoo.com,,,,,
107,Sean,Esparza,Grade 1,Gr 1C,846519690,okroeger@comcast.net,Chelsea,Esparza,846519690,okroeger@comcast.net,Keith,Esparza,846519690,okroeger@comcast.net,,,,,
108,Daniel,Reed,Grade 1,Gr 1C,839006143,jfinke@mac.com,Nancy,Reed,839006143,jfinke@mac.com,Mark,Reed,839006143,jfinke@mac.com,,,,,
109,Thomas,Mason,Grade 1,Gr 1C,839073458,gastown@live.com,Melissa,Mason,839073458,gastown@live.com,Jordan,Mason,839073458,gastown@live.com,,,,,
110,Kathleen,Arnold,Grade 1,Gr 1C,828077377,drewf@optonline.net,Sarah,Arnold,828077377,drewf@optonline.net,Michael,Arnold,828077377,drewf@optonline.net,,,,,
111,Michael,Jenkins,Grade 1,Gr 1C,835736714,gilmoure@att.net,Sharon,Jenkins,835736714,gilmoure@att.net,Phillip,Jenkins,835736714,gilmoure@att.net,,,,,
112,Michelle,Riley,Grade 1,Gr 1C,846743005,bcevc@att.net,Connie,Riley,846743005,bcevc@att.net,Ryan,Riley,846743005,bcevc@att.net,,,,,
113,Tiffany,Rice,Grade 1,Gr 1C,829227113,kostas@att.net,Stephanie,Rice,829227113,kostas@att.net,Alan,Rice,829227113,kostas@att.net,,,,,
114,Mary,Smith,Grade 1,Gr 1C,834281252,ewaters@live.com,Andrea,Smith,834281252,ewaters@live.com,Shaun,Smith,834281252,ewaters@live.com,,,,,
115,Joshua,Garrett,Grade 1,Gr 1C,845622064,monopole@att.net,Sarah,Garrett,845622064,monopole@att.net,Darren,Garrett,845622064,monopole@att.net,,,,,
116,Sandra,Carpenter,Grade 1,Gr 1C,846759794,heidrich@msn.com,Sue,Carpenter,846759794,heidrich@msn.com,David,Carpenter,846759794,heidrich@msn.com,,,,,
117,John,Grimes,Grade 1,Gr 1C,825934464,doche@outlook.com,Jennifer,Grimes,825934464,doche@outlook.com,Joshua,Grimes,825934464,doche@outlook.com,,,,,
118,Chelsea,Patterson,Grade 1,Gr 1C,838389282,stefano@mac.com,Mrs.,Patterson,838389282,stefano@mac.com,Thomas,Patterson,838389282,stefano@mac.com,,,,,
119,Eric,Turner,Grade 1,Gr 1C,829702535,malin@gmail.com,Debra,Turner,829702535,malin@gmail.com,Jared,Turner,829702535,malin@gmail.com,,,,,
120,Zachary,Hamilton,Grade 1,Gr 1C,821995398,hachi@sbcglobal.net,Bonnie,Hamilton,821995398,hachi@sbcglobal.net,Randy,Hamilton,821995398,hachi@sbcglobal.net,,,,,
121,Sydney,Coleman,Grade 1,Gr 1C,836189524,notaprguy@gmail.com,Kristine,Coleman,836189524,notaprguy@gmail.com,Warren,Coleman,836189524,notaprguy@gmail.com,,,,,
122,Daniel,Wheeler,Grade 1,Gr 1C,8569825,singer@mac.com,Christine,Wheeler,8569825,singer@mac.com,James,Wheeler,8569825,singer@mac.com,,,,,
123,Brian,Anderson,Grade 1,Gr 1C,833267474,pereinar@sbcglobal.net,Shannon,Anderson,833267474,pereinar@sbcglobal.net,Jared,Anderson,833267474,pereinar@sbcglobal.net,,,,,
124,Sara,Miles,Grade 1,Gr 1D,846673953,jhardin@me.com,Shelby,Miles,846673953,jhardin@me.com,Anthony,Miles,846673953,jhardin@me.com,,,,,
125,Michelle,Perkins,Grade 1,Gr 1D,83440796,airship@msn.com,Kathy,Perkins,83440796,airship@msn.com,Bradley,Perkins,83440796,airship@msn.com,,,,,
126,Sherry,Turner,Grade 1,Gr 1D,834153419,jaesenj@mac.com,Kim,Turner,834153419,jaesenj@mac.com,Hector,Turner,834153419,jaesenj@mac.com,,,,,
127,Grant,Beck,Grade 1,Gr 1D,846519690,muadip@yahoo.ca,Sandra,Beck,846519690,muadip@yahoo.ca,Dustin,Beck,846519690,muadip@yahoo.ca,,,,,
128,Mrs.,Teresa,Grade 1,Gr 1D,839006143,kuparine@live.com,Colleen,Teresa,839006143,kuparine@live.com,Jason,Teresa,839006143,kuparine@live.com,,,,,
129,Gary,Baldwin,Grade 1,Gr 1D,839073458,mddallara@verizon.net,Suzanne,Baldwin,839073458,mddallara@verizon.net,William,Baldwin,839073458,mddallara@verizon.net,,,,,
130,Ashley,Hughes,Grade 1,Gr 1D,828077377,joelw@yahoo.ca,Pamela,Hughes,828077377,joelw@yahoo.ca,Michael,Hughes,828077377,joelw@yahoo.ca,,,,,
131,Victoria,Watkins,Grade 1,Gr 1D,835736714,cgarcia@outlook.com,Michele,Watkins,835736714,cgarcia@outlook.com,Adam,Watkins,835736714,cgarcia@outlook.com,,,,,
132,Cody,Bradley,Grade 1,Gr 1D,846743005,iapetus@live.com,Stacy,Bradley,846743005,iapetus@live.com,James,Bradley,846743005,iapetus@live.com,,,,,
133,David,Graham,Grade 1,Gr 1D,829227113,retoh@optonline.net,Rhonda,Graham,829227113,retoh@optonline.net,Joseph,Graham,829227113,retoh@optonline.net,,,,,
134,Brianna,Hill,Grade 1,Gr 1D,834281252,amichalo@icloud.com,Ashley,Hill,834281252,amichalo@icloud.com,Vernon,Hill,834281252,amichalo@icloud.com,,,,,
135,Jamie,Mills,Grade 1,Gr 1D,845622064,richard@optonline.net,Ashley,Mills,845622064,richard@optonline.net,William,Mills,845622064,richard@optonline.net,,,,,
136,Michael,Potts,Grade 1,Gr 1D,846759794,janusfury@me.com,Katherine,Potts,846759794,janusfury@me.com,Bryan,Potts,846759794,janusfury@me.com,,,,,
137,Tommy,Villa,Grade 1,Gr 1D,825934464,thurston@me.com,Kelly,Villa,825934464,thurston@me.com,William,Villa,825934464,thurston@me.com,,,,,
138,James,Carson,Grade 1,Gr 1D,838389282,grothoff@mac.com,Jennifer,Carson,838389282,grothoff@mac.com,Derek,Carson,838389282,grothoff@mac.com,,,,,
139,Jonathan,Farley,Grade 1,Gr 1D,829702535,devphil@mac.com,Christine,Farley,829702535,devphil@mac.com,Mark,Farley,829702535,devphil@mac.com,,,,,
140,Leonard,Schmidt,Grade 1,Gr 1D,821995398,yumpy@icloud.com,Carla,Schmidt,821995398,yumpy@icloud.com,Jonathan,Schmidt,821995398,yumpy@icloud.com,,,,,
141,Ashley,Carter,Grade 1,Gr 1D,836189524,breegster@yahoo.ca,Shannon,Carter,836189524,breegster@yahoo.ca,Todd,Carter,836189524,breegster@yahoo.ca,,,,,
142,Andrew,Sampson,Grade 1,Gr 1D,8569825,wainwrig@mac.com,Donna,Sampson,8569825,wainwrig@mac.com,Kristopher,Sampson,8569825,wainwrig@mac.com,,,,,
143,Brandon,Smith,Grade 1,Gr 1D,833267474,facet@mac.com,Amber,Smith,833267474,facet@mac.com,Robert,Smith,833267474,facet@mac.com,,,,,
144,Brittany,Nielsen,Grade 1,Gr 1D,846673953,weazelman@comcast.net,Mary,Nielsen,846673953,weazelman@comcast.net,Jason,Nielsen,846673953,weazelman@comcast.net,,,,,
145,Emily,Hicks,Grade 1,Gr 1D,83440796,pkilab@att.net,Cheryl,Hicks,83440796,pkilab@att.net,Austin,Hicks,83440796,pkilab@att.net,,,,,
146,Julie,Shepherd,Grade 1,Gr 1D,834153419,ylchang@att.net,Beth,Shepherd,834153419,ylchang@att.net,Michael,Shepherd,834153419,ylchang@att.net,,,,,
147,Karen,Richard,Grade 1,Gr 1D,846519690,rattenbt@optonline.net,April,Richard,846519690,rattenbt@optonline.net,Craig,Richard,846519690,rattenbt@optonline.net,,,,,
148,Catherine,Evans,Grade 1,Gr 1D,839006143,nimaclea@yahoo.com,Kristy,Evans,839006143,nimaclea@yahoo.com,Jacob,Evans,839006143,nimaclea@yahoo.com,,,,,
149,Heidi,Dunlap,Grade 1,Gr 1D,839073458,catalog@optonline.net,Emily,Dunlap,839073458,catalog@optonline.net,Donald,Dunlap,839073458,catalog@optonline.net,,,,,
150,Kevin,Schultz,Grade 1,Gr 1D,828077377,geeber@comcast.net,Dawn,Schultz,828077377,geeber@comcast.net,John,Schultz,828077377,geeber@comcast.net,,,,,
151,Ronald,Jackson,Grade 1,Gr 1D,835736714,purvis@hotmail.com,Raven,Jackson,835736714,purvis@hotmail.com,Arthur,Jackson,835736714,purvis@hotmail.com,,,,,
152,Tracy,Wyatt,Grade 1,Gr 1D,846743005,dwsauder@comcast.net,Laurie,Wyatt,846743005,dwsauder@comcast.net,Jeffrey,Wyatt,846743005,dwsauder@comcast.net,,,,,
153,David,Russell,Grade 1,Gr 1D,829227113,mbrown@live.com,Stephanie,Russell,829227113,mbrown@live.com,Michael,Russell,829227113,mbrown@live.com,,,,,
154,Toni,Evans,Grade 1,Gr 1D,834281252,satishr@msn.com,Kathleen,Evans,834281252,satishr@msn.com,Cody,Evans,834281252,satishr@msn.com,,,,,
155,Casey,Davis,Grade 1,Gr 1D,845622064,daveed@hotmail.com,Marisa,Davis,845622064,daveed@hotmail.com,William,Davis,845622064,daveed@hotmail.com,,,,,
156,Tommy,Wilson,Grade 1,Gr 1D,846759794,mbswan@hotmail.com,Robin,Wilson,846759794,mbswan@hotmail.com,Jesse,Wilson,846759794,mbswan@hotmail.com,,,,,
157,Kyle,Osborn,Grade 1,Gr 1D,825934464,novanet@verizon.net,Kathleen,Osborn,825934464,novanet@verizon.net,Jeffrey,Osborn,825934464,novanet@verizon.net,,,,,
158,Timothy,Freeman,Grade 1,Gr 1D,838389282,fviegas@aol.com,Gina,Freeman,838389282,fviegas@aol.com,Martin,Freeman,838389282,fviegas@aol.com,,,,,
159,Jennifer,Boyd,Grade 1,Gr 1D,829702535,rkobes@att.net,Brittany,Boyd,829702535,rkobes@att.net,Rodney,Boyd,829702535,rkobes@att.net,,,,,
160,Raymond,Walls,Grade 1,Gr 1D,821995398,grolschie@aol.com,Jessica,Walls,821995398,grolschie@aol.com,Daniel,Walls,821995398,grolschie@aol.com,,,,,
161,Lisa,Cook,Grade 1,Gr 1D,836189524,osaru@outlook.com,Michelle,Cook,836189524,osaru@outlook.com,Sean,Cook,836189524,osaru@outlook.com,,,,,
162,Amanda,Mora,Grade 1,Gr 1D,8569825,lstaf@sbcglobal.net,Amber,Mora,8569825,lstaf@sbcglobal.net,Steven,Mora,8569825,lstaf@sbcglobal.net,,,,,
163,Traci,Patel,Grade 1,Gr 1D,833267474,pthomsen@comcast.net,Erika,Patel,833267474,pthomsen@comcast.net,Jerome,Patel,833267474,pthomsen@comcast.net,,,,,
164,Lucas,Walker,Grade 1,Gr 1D,846673953,marcs@sbcglobal.net,Rachael,Walker,846673953,marcs@sbcglobal.net,Nicholas,Walker,846673953,marcs@sbcglobal.net,,,,,
165,Paul,Morgan,Grade 1,Gr 1D,83440796,grossman@verizon.net,Amy,Morgan,83440796,grossman@verizon.net,Elijah,Morgan,83440796,grossman@verizon.net,,,,,
166,Jessica,Larson,Grade 1,Gr 1E,834153419,solomon@live.com,Regina,Larson,834153419,solomon@live.com,Curtis,Larson,834153419,solomon@live.com,,,,,
167,Kevin,Ford,Grade 1,Gr 1E,846519690,seurat@mac.com,Shannon,Ford,846519690,seurat@mac.com,Alexander,Ford,846519690,seurat@mac.com,,,,,
168,Heather,Briggs,Grade 1,Gr 1E,839006143,lstaf@sbcglobal.net,Jennifer,Briggs,839006143,lstaf@sbcglobal.net,Wesley,Briggs,839006143,lstaf@sbcglobal.net,,,,,
169,David,Bell,Grade 1,Gr 1E,839073458,mcrawfor@optonline.net,Taylor,Bell,839073458,mcrawfor@optonline.net,Joshua,Bell,839073458,mcrawfor@optonline.net,,,,,
170,Richard,Huang,Grade 1,Gr 1E,828077377,galbra@sbcglobal.net,Claudia,Huang,828077377,galbra@sbcglobal.net,Kevin,Huang,828077377,galbra@sbcglobal.net,,,,,
171,Kelly,Torres,Grade 1,Gr 1E,835736714,fraser@yahoo.ca,Rebecca,Torres,835736714,fraser@yahoo.ca,Christian,Torres,835736714,fraser@yahoo.ca,,,,,
172,Tamara,Watkins,Grade 1,Gr 1E,846743005,crobles@yahoo.com,Mrs.,Watkins,846743005,crobles@yahoo.com,Timothy,Watkins,846743005,crobles@yahoo.com,,,,,
173,Mark,Powell,Grade 1,Gr 1E,829227113,cmdrgravy@yahoo.ca,Heather,Powell,829227113,cmdrgravy@yahoo.ca,Jerome,Powell,829227113,cmdrgravy@yahoo.ca,,,,,
174,Mr.,William,Grade 1,Gr 1E,834281252,dkeeler@aol.com,Beth,William,834281252,dkeeler@aol.com,Aaron,William,834281252,dkeeler@aol.com,,,,,
175,Jacqueline,Smith,Grade 1,Gr 1E,845622064,jbuchana@aol.com,Elizabeth,Smith,845622064,jbuchana@aol.com,Robert,Smith,845622064,jbuchana@aol.com,,,,,
176,Jonathan,Smith,Grade 1,Gr 1E,846759794,anicolao@icloud.com,Elizabeth,Smith,846759794,anicolao@icloud.com,Jose,Smith,846759794,anicolao@icloud.com,,,,,
177,Sean,Rodgers,Grade 1,Gr 1E,825934464,rsmartin@comcast.net,Michelle,Rodgers,825934464,rsmartin@comcast.net,Steven,Rodgers,825934464,rsmartin@comcast.net,,,,,
178,Ms.,Gloria,Grade 1,Gr 1E,838389282,scotfl@mac.com,Diana,Gloria,838389282,scotfl@mac.com,John,Gloria,838389282,scotfl@mac.com,,,,,
179,Kevin,Liu,Grade 1,Gr 1E,829702535,skythe@outlook.com,Molly,Liu,829702535,skythe@outlook.com,Daniel,Liu,829702535,skythe@outlook.com,,,,,
180,Ashley,Lawrence,Grade 1,Gr 1E,821995398,dodong@gmail.com,Dr.,Lawrence,821995398,dodong@gmail.com,Brian,Lawrence,821995398,dodong@gmail.com,,,,,
181,Cory,West,Grade 1,Gr 1E,836189524,drolsky@att.net,Kelli,West,836189524,drolsky@att.net,Jerry,West,836189524,drolsky@att.net,,,,,
182,Barbara,Osborne,Grade 1,Gr 1E,8569825,flavell@yahoo.com,Michelle,Osborne,8569825,flavell@yahoo.com,Troy,Osborne,8569825,flavell@yahoo.com,,,,,
183,Brian,Wallace,Grade 1,Gr 1E,833267474,neonatus@comcast.net,Sarah,Wallace,833267474,neonatus@comcast.net,John,Wallace,833267474,neonatus@comcast.net,,,,,
184,Carrie,King,Grade 1,Gr 1E,846673953,rsteiner@mac.com,Erika,King,846673953,rsteiner@mac.com,David,King,846673953,rsteiner@mac.com,,,,,
185,Michael,Palmer,Grade 1,Gr 1E,83440796,delpino@yahoo.ca,Erica,Palmer,83440796,delpino@yahoo.ca,Jeffrey,Palmer,83440796,delpino@yahoo.ca,,,,,
186,Brandon,Johnson,Grade 1,Gr 1E,834153419,seurat@comcast.net,Natalie,Johnson,834153419,seurat@comcast.net,Gary,Johnson,834153419,seurat@comcast.net,,,,,
187,Lisa,Cross,Grade 1,Gr 1E,846519690,cgcra@mac.com,Elizabeth,Cross,846519690,cgcra@mac.com,Anthony,Cross,846519690,cgcra@mac.com,,,,,
188,Destiny,Raymond,Grade 1,Gr 1E,839006143,bigmauler@optonline.net,Diana,Raymond,839006143,bigmauler@optonline.net,Jesus,Raymond,839006143,bigmauler@optonline.net,,,,,
189,Joseph,Blake,Grade 1,Gr 1E,839073458,tfinniga@mac.com,Angela,Blake,839073458,tfinniga@mac.com,Christopher,Blake,839073458,tfinniga@mac.com,,,,,
190,Phyllis,Robinson,Grade 1,Gr 1E,828077377,chaffar@verizon.net,Cathy,Robinson,828077377,chaffar@verizon.net,George,Robinson,828077377,chaffar@verizon.net,,,,,
191,Kyle,Turner,Grade 1,Gr 1E,835736714,cumarana@msn.com,Kayla,Turner,835736714,cumarana@msn.com,Joseph,Turner,835736714,cumarana@msn.com,,,,,
192,Jeremy,Melton,Grade 1,Gr 1E,846743005,konst@yahoo.com,Lisa,Melton,846743005,konst@yahoo.com,Dalton,Melton,846743005,konst@yahoo.com,,,,,
193,Andrea,Torres,Grade 1,Gr 1E,829227113,reziac@yahoo.com,Kelly,Torres,829227113,reziac@yahoo.com,Michael,Torres,829227113,reziac@yahoo.com,,,,,
194,Victoria,Klein,Grade 1,Gr 1E,834281252,eegsa@att.net,Kimberly,Klein,834281252,eegsa@att.net,Kenneth,Klein,834281252,eegsa@att.net,,,,,
195,Ronald,Hernandez,Grade 1,Gr 1E,845622064,gbacon@optonline.net,Lauren,Hernandez,845622064,gbacon@optonline.net,Adam,Hernandez,845622064,gbacon@optonline.net,,,,,
196,Lisa,Romero,Grade 1,Gr 1E,846759794,bdbrown@optonline.net,Victoria,Romero,846759794,bdbrown@optonline.net,Scott,Romero,846759794,bdbrown@optonline.net,,,,,
197,Hayley,Rhodes,Grade 1,Gr 1E,825934464,alias@msn.com,Emily,Rhodes,825934464,alias@msn.com,Randy,Rhodes,825934464,alias@msn.com,,,,,
198,Nancy,Torres,Grade 1,Gr 1E,838389282,roesch@me.com,Rachel,Torres,838389282,roesch@me.com,Mark,Torres,838389282,roesch@me.com,,,,,
199,Joshua,Dominguez,Grade 2,Gr 2A,829702535,iamcal@me.com,Kathryn,Dominguez,829702535,iamcal@me.com,James,Dominguez,829702535,iamcal@me.com,,,,,
200,Jason,Payne,Grade 2,Gr 2A,821995398,thowell@msn.com,Shelly,Payne,821995398,thowell@msn.com,Leon,Payne,821995398,thowell@msn.com,,,,,
201,Daniel,Rosales,Grade 2,Gr 2A,836189524,dowdy@msn.com,Jennifer,Rosales,836189524,dowdy@msn.com,Mathew,Rosales,836189524,dowdy@msn.com,,,,,
202,Tommy,Reyes,Grade 2,Gr 2A,8569825,wayward@gmail.com,Diane,Reyes,8569825,wayward@gmail.com,Justin,Reyes,8569825,wayward@gmail.com,,,,,
203,Edgar,Young,Grade 2,Gr 2A,833267474,sthomas@msn.com,Teresa,Young,833267474,sthomas@msn.com,Tyler,Young,833267474,sthomas@msn.com,,,,,
204,Kyle,Gonzalez,Grade 2,Gr 2A,846673953,ninenine@optonline.net,Janet,Gonzalez,846673953,ninenine@optonline.net,Darren,Gonzalez,846673953,ninenine@optonline.net,,,,,
205,Maria,Garza,Grade 2,Gr 2A,83440796,tromey@msn.com,Melissa,Garza,83440796,tromey@msn.com,Melvin,Garza,83440796,tromey@msn.com,,,,,
206,Matthew,Robles,Grade 2,Gr 2A,834153419,ryanvm@att.net,Kristi,Robles,834153419,ryanvm@att.net,Kevin,Robles,834153419,ryanvm@att.net,,,,,
207,Daniel,Jones,Grade 2,Gr 2A,846519690,kidehen@comcast.net,Leah,Jones,846519690,kidehen@comcast.net,Eric,Jones,846519690,kidehen@comcast.net,,,,,
208,Carolyn,Brown,Grade 2,Gr 2A,839006143,mobileip@yahoo.com,Linda,Brown,839006143,mobileip@yahoo.com,David,Brown,839006143,mobileip@yahoo.com,,,,,
209,Xavier,Hunter,Grade 2,Gr 2A,839073458,nimaclea@outlook.com,Amanda,Hunter,839073458,nimaclea@outlook.com,Christopher,Hunter,839073458,nimaclea@outlook.com,,,,,
210,Charles,Bailey,Grade 2,Gr 2A,828077377,mhassel@aol.com,Jill,Bailey,828077377,mhassel@aol.com,Gregory,Bailey,828077377,mhassel@aol.com,,,,,
211,Christian,Allen,Grade 2,Gr 2A,835736714,thurston@att.net,Becky,Allen,835736714,thurston@att.net,Matthew,Allen,835736714,thurston@att.net,,,,,
212,Sergio,Santana,Grade 2,Gr 2A,846743005,cisugrad@optonline.net,Taylor,Santana,846743005,cisugrad@optonline.net,Matthew,Santana,846743005,cisugrad@optonline.net,,,,,
213,Scott,Walker,Grade 2,Gr 2A,829227113,yxing@att.net,Carolyn,Walker,829227113,yxing@att.net,Jack,Walker,829227113,yxing@att.net,,,,,
214,Robert,Lam,Grade 2,Gr 2A,834281252,avalon@live.com,Cheryl,Lam,834281252,avalon@live.com,Nicholas,Lam,834281252,avalon@live.com,,,,,
215,Patrick,Rodriguez,Grade 2,Gr 2A,845622064,kmiller@gmail.com,Amanda,Rodriguez,845622064,kmiller@gmail.com,Jacob,Rodriguez,845622064,kmiller@gmail.com,,,,,
216,Mark,Johnson,Grade 2,Gr 2A,846759794,shaffei@yahoo.com,Alexa,Johnson,846759794,shaffei@yahoo.com,Dennis,Johnson,846759794,shaffei@yahoo.com,,,,,
217,Natalie,Newman,Grade 2,Gr 2A,825934464,fangorn@optonline.net,Sarah,Newman,825934464,fangorn@optonline.net,Roberto,Newman,825934464,fangorn@optonline.net,,,,,
218,Michele,Castillo,Grade 2,Gr 2A,838389282,jgmyers@me.com,Whitney,Castillo,838389282,jgmyers@me.com,Jeffrey,Castillo,838389282,jgmyers@me.com,,,,,
219,Anthony,Smith,Grade 2,Gr 2A,829702535,jonadab@verizon.net,Kayla,Smith,829702535,jonadab@verizon.net,Roger,Smith,829702535,jonadab@verizon.net,,,,,
220,Bryan,Russell,Grade 2,Gr 2A,821995398,bmidd@yahoo.ca,Lisa,Russell,821995398,bmidd@yahoo.ca,James,Russell,821995398,bmidd@yahoo.ca,,,,,
221,Misty,Henderson,Grade 2,Gr 2A,836189524,rsmartin@hotmail.com,Nicole,Henderson,836189524,rsmartin@hotmail.com,Kevin,Henderson,836189524,rsmartin@hotmail.com,,,,,
222,Tommy,Flynn,Grade 2,Gr 2A,8569825,rsteiner@gmail.com,Crystal,Flynn,8569825,rsteiner@gmail.com,James,Flynn,8569825,rsteiner@gmail.com,,,,,
223,Denise,Aguilar,Grade 2,Gr 2A,833267474,gospodin@optonline.net,Mary,Aguilar,833267474,gospodin@optonline.net,David,Aguilar,833267474,gospodin@optonline.net,,,,,
224,Allison,Barrera,Grade 2,Gr 2A,846673953,tlinden@hotmail.com,Traci,Barrera,846673953,tlinden@hotmail.com,Jeffery,Barrera,846673953,tlinden@hotmail.com,,,,,
225,Renee,House,Grade 2,Gr 2A,83440796,vmalik@msn.com,Courtney,House,83440796,vmalik@msn.com,Roger,House,83440796,vmalik@msn.com,,,,,
226,Amanda,Goodman,Grade 2,Gr 2A,834153419,maikelnai@outlook.com,Patricia,Goodman,834153419,maikelnai@outlook.com,Blake,Goodman,834153419,maikelnai@outlook.com,,,,,
227,Juan,Perkins,Grade 2,Gr 2B,846519690,onestab@yahoo.ca,Glenda,Perkins,846519690,onestab@yahoo.ca,Justin,Perkins,846519690,onestab@yahoo.ca,,,,,
228,Robert,Graham,Grade 2,Gr 2B,839006143,chaffar@mac.com,Heather,Graham,839006143,chaffar@mac.com,William,Graham,839006143,chaffar@mac.com,,,,,
229,Lauren,Ramirez,Grade 2,Gr 2B,839073458,hikoza@mac.com,Erica,Ramirez,839073458,hikoza@mac.com,Matthew,Ramirez,839073458,hikoza@mac.com,,,,,
230,Jennifer,Bailey,Grade 2,Gr 2B,828077377,sequin@gmail.com,Brenda,Bailey,828077377,sequin@gmail.com,Jorge,Bailey,828077377,sequin@gmail.com,,,,,
231,Amanda,Lewis,Grade 2,Gr 2B,835736714,naoya@mac.com,Yolanda,Lewis,835736714,naoya@mac.com,Gary,Lewis,835736714,naoya@mac.com,,,,,
232,Miss,Cindy,Grade 2,Gr 2B,846743005,jelmer@verizon.net,Shannon,Cindy,846743005,jelmer@verizon.net,Dustin,Cindy,846743005,jelmer@verizon.net,,,,,
233,Donna,Scott,Grade 2,Gr 2B,829227113,firstpr@live.com,Audrey,Scott,829227113,firstpr@live.com,Douglas,Scott,829227113,firstpr@live.com,,,,,
234,Nathaniel,Martinez,Grade 2,Gr 2B,834281252,temmink@msn.com,Kristen,Martinez,834281252,temmink@msn.com,Christopher,Martinez,834281252,temmink@msn.com,,,,,
235,Mary,Miller,Grade 2,Gr 2B,845622064,rtanter@gmail.com,Ruth,Miller,845622064,rtanter@gmail.com,Bradley,Miller,845622064,rtanter@gmail.com,,,,,
236,Anthony,Miller,Grade 2,Gr 2B,846759794,rafasgj@sbcglobal.net,Megan,Miller,846759794,rafasgj@sbcglobal.net,Zachary,Miller,846759794,rafasgj@sbcglobal.net,,,,,
237,Michael,Mejia,Grade 2,Gr 2B,825934464,aglassis@msn.com,Morgan,Mejia,825934464,aglassis@msn.com,Philip,Mejia,825934464,aglassis@msn.com,,,,,
238,Terri,Harris,Grade 2,Gr 2B,838389282,caronni@verizon.net,Jennifer,Harris,838389282,caronni@verizon.net,Larry,Harris,838389282,caronni@verizon.net,,,,,
239,Patrick,Willis,Grade 2,Gr 2B,829702535,keutzer@optonline.net,Karen,Willis,829702535,keutzer@optonline.net,Francisco,Willis,829702535,keutzer@optonline.net,,,,,
240,Bryan,Fernandez,Grade 2,Gr 2B,821995398,treit@verizon.net,Felicia,Fernandez,821995398,treit@verizon.net,David,Fernandez,821995398,treit@verizon.net,,,,,
241,Mark,Hawkins,Grade 2,Gr 2B,836189524,mdielmann@yahoo.ca,Stephanie,Hawkins,836189524,mdielmann@yahoo.ca,Mr.,Hawkins,836189524,mdielmann@yahoo.ca,,,,,
242,Evelyn,Bailey,Grade 2,Gr 2B,8569825,jmmuller@icloud.com,Monique,Bailey,8569825,jmmuller@icloud.com,Maurice,Bailey,8569825,jmmuller@icloud.com,,,,,
243,Jasmine,Pham,Grade 2,Gr 2B,833267474,agolomsh@sbcglobal.net,Becky,Pham,833267474,agolomsh@sbcglobal.net,Tom,Pham,833267474,agolomsh@sbcglobal.net,,,,,
244,Andrew,Ortega,Grade 2,Gr 2B,846673953,rohitm@icloud.com,Sheila,Ortega,846673953,rohitm@icloud.com,Timothy,Ortega,846673953,rohitm@icloud.com,,,,,
245,Michael,Smith,Grade 2,Gr 2B,83440796,rsteiner@sbcglobal.net,Suzanne,Smith,83440796,rsteiner@sbcglobal.net,Darryl,Smith,83440796,rsteiner@sbcglobal.net,,,,,Jr.
246,Sarah,Martinez,Grade 2,Gr 2B,834153419,cameron@gmail.com,Stephanie,Martinez,834153419,cameron@gmail.com,John,Martinez,834153419,cameron@gmail.com,,,,,
247,Theresa,Newman,Grade 2,Gr 2B,846519690,dleconte@aol.com,Susan,Newman,846519690,dleconte@aol.com,Justin,Newman,846519690,dleconte@aol.com,,,,,
248,Amber,Hanson,Grade 2,Gr 2B,839006143,jmmuller@optonline.net,Beth,Hanson,839006143,jmmuller@optonline.net,Angel,Hanson,839006143,jmmuller@optonline.net,,,,,
249,Bryan,Zimmerman,Grade 2,Gr 2B,839073458,shrapnull@sbcglobal.net,Alexandra,Zimmerman,839073458,shrapnull@sbcglobal.net,Christopher,Zimmerman,839073458,shrapnull@sbcglobal.net,,,,,
250,Cheryl,Glass,Grade 2,Gr 2B,828077377,dialworld@aol.com,Tracy,Glass,828077377,dialworld@aol.com,Kevin,Glass,828077377,dialworld@aol.com,,,,,
251,Laura,Williams,Grade 2,Gr 2B,835736714,drjlaw@comcast.net,Emily,Williams,835736714,drjlaw@comcast.net,Anthony,Williams,835736714,drjlaw@comcast.net,,,,,
252,Rodney,Diaz,Grade 2,Gr 2B,846743005,hillct@aol.com,Tammy,Diaz,846743005,hillct@aol.com,Nicholas,Diaz,846743005,hillct@aol.com,,,,,
253,Benjamin,Love,Grade 2,Gr 2B,829227113,inico@aol.com,Margaret,Love,829227113,inico@aol.com,David,Love,829227113,inico@aol.com,,,,,
254,James,Wagner,Grade 2,Gr 2B,834281252,tsuruta@hotmail.com,Vanessa,Wagner,834281252,tsuruta@hotmail.com,Corey,Wagner,834281252,tsuruta@hotmail.com,,,,,
255,Allison,Schaefer,Grade 2,Gr 2B,845622064,thassine@optonline.net,Nicole,Schaefer,845622064,thassine@optonline.net,John,Schaefer,845622064,thassine@optonline.net,,,,,
256,Melissa,Vega,Grade 2,Gr 2B,846759794,magusnet@me.com,Samantha,Vega,846759794,magusnet@me.com,Gregory,Vega,846759794,magusnet@me.com,,,,,
257,Deborah,Alvarez,Grade 2,Gr 2B,825934464,thrymm@sbcglobal.net,Amber,Alvarez,825934464,thrymm@sbcglobal.net,Robert,Alvarez,825934464,thrymm@sbcglobal.net,,,,,
258,David,Duncan,Grade 2,Gr 2B,838389282,miltchev@verizon.net,Kathleen,Duncan,838389282,miltchev@verizon.net,Steven,Duncan,838389282,miltchev@verizon.net,,,,,
259,Cheryl,Newton,Grade 2,Gr 2B,829702535,valdez@live.com,Amanda,Newton,829702535,valdez@live.com,James,Newton,829702535,valdez@live.com,,,,,
260,Joshua,Smith,Grade 2,Gr 2B,821995398,vlefevre@icloud.com,Kelli,Smith,821995398,vlefevre@icloud.com,Mark,Smith,821995398,vlefevre@icloud.com,,,,,
261,Amy,Lopez,Grade 2,Gr 2B,836189524,anicolao@yahoo.ca,Rebecca,Lopez,836189524,anicolao@yahoo.ca,Lee,Lopez,836189524,anicolao@yahoo.ca,,,,,
262,Robert,Reid,Grade 2,Gr 2B,8569825,hakim@outlook.com,Lisa,Reid,8569825,hakim@outlook.com,Andrew,Reid,8569825,hakim@outlook.com,,,,,
263,Robert,Wang,Grade 2,Gr 2B,833267474,noneme@live.com,Amy,Wang,833267474,noneme@live.com,David,Wang,833267474,noneme@live.com,,,,,
264,Tammy,Nelson,Grade 2,Gr 2B,846673953,lpalmer@att.net,Sarah,Nelson,846673953,lpalmer@att.net,Mark,Nelson,846673953,lpalmer@att.net,,,,,
265,Dylan,Gutierrez,Grade 2,Gr 2B,83440796,mschwartz@yahoo.com,Danielle,Gutierrez,83440796,mschwartz@yahoo.com,John,Gutierrez,83440796,mschwartz@yahoo.com,,,,,
266,Michael,Russell,Grade 2,Gr 2B,834153419,grinder@optonline.net,Rebecca,Russell,834153419,grinder@optonline.net,Joseph,Russell,834153419,grinder@optonline.net,,,,,
267,Steven,Reynolds,Grade 2,Gr 2B,846519690,overbom@verizon.net,Cheryl,Reynolds,846519690,overbom@verizon.net,Manuel,Reynolds,846519690,overbom@verizon.net,,,,,
268,Travis,Leon,Grade 2,Gr 2B,839006143,scarolan@yahoo.com,Elizabeth,Leon,839006143,scarolan@yahoo.com,Barry,Leon,839006143,scarolan@yahoo.com,,,,,
269,Adrienne,Gibbs,Grade 2,Gr 2B,839073458,gtaylor@yahoo.ca,Heather,Gibbs,839073458,gtaylor@yahoo.ca,Christopher,Gibbs,839073458,gtaylor@yahoo.ca,,,,,
270,Jacob,Hunt,Grade 2,Gr 2B,828077377,wilsonpm@yahoo.ca,Dana,Hunt,828077377,wilsonpm@yahoo.ca,Justin,Hunt,828077377,wilsonpm@yahoo.ca,,,,,
271,Justin,Brewer,Grade 2,Gr 2B,835736714,jimxugle@gmail.com,Morgan,Brewer,835736714,jimxugle@gmail.com,Michael,Brewer,835736714,jimxugle@gmail.com,,,,,
272,Justin,Lucas,Grade 2,Gr 2B,846743005,sfoskett@verizon.net,Jillian,Lucas,846743005,sfoskett@verizon.net,Jason,Lucas,846743005,sfoskett@verizon.net,,,,,
273,Daniel,Davidson,Grade 2,Gr 2B,829227113,world@aol.com,Darlene,Davidson,829227113,world@aol.com,Wesley,Davidson,829227113,world@aol.com,,,,,
274,John,Floyd,Grade 2,Gr 2B,834281252,srour@mac.com,Mary,Floyd,834281252,srour@mac.com,Brian,Floyd,834281252,srour@mac.com,,,,,
275,Kendra,Stone,Grade 2,Gr 2C,845622064,smpeters@yahoo.ca,Stacey,Stone,845622064,smpeters@yahoo.ca,Justin,Stone,845622064,smpeters@yahoo.ca,,,,,
276,Megan,Farmer,Grade 2,Gr 2C,846759794,rgarcia@hotmail.com,Stephanie,Farmer,846759794,rgarcia@hotmail.com,Robert,Farmer,846759794,rgarcia@hotmail.com,,,,,
277,Brian,Gomez,Grade 2,Gr 2C,825934464,chaikin@comcast.net,Traci,Gomez,825934464,chaikin@comcast.net,Kenneth,Gomez,825934464,chaikin@comcast.net,,,,,
278,Larry,Warren,Grade 2,Gr 2C,838389282,mhoffman@me.com,Dana,Warren,838389282,mhoffman@me.com,David,Warren,838389282,mhoffman@me.com,,,,,
279,Emma,Buchanan,Grade 2,Gr 2C,829702535,manuals@sbcglobal.net,Amanda,Buchanan,829702535,manuals@sbcglobal.net,Michael,Buchanan,829702535,manuals@sbcglobal.net,,,,,
280,Kevin,Malone,Grade 2,Gr 2C,821995398,boomzilla@verizon.net,Dr.,Malone,821995398,boomzilla@verizon.net,Shawn,Malone,821995398,boomzilla@verizon.net,,,,,
281,Timothy,Harris,Grade 2,Gr 2C,836189524,kayvonf@hotmail.com,Rebecca,Harris,836189524,kayvonf@hotmail.com,John,Harris,836189524,kayvonf@hotmail.com,,,,,
282,Chad,Wilson,Grade 2,Gr 2C,8569825,houle@gmail.com,Christy,Wilson,8569825,houle@gmail.com,Daniel,Wilson,8569825,houle@gmail.com,,,,,
283,Lindsay,Randall,Grade 2,Gr 2C,833267474,preneel@live.com,Lisa,Randall,833267474,preneel@live.com,Edward,Randall,833267474,preneel@live.com,,,,,
284,Christina,Zavala,Grade 2,Gr 2C,846673953,ghaviv@hotmail.com,Kristina,Zavala,846673953,ghaviv@hotmail.com,Daniel,Zavala,846673953,ghaviv@hotmail.com,,,,,
285,Steven,Avila,Grade 2,Gr 2C,83440796,curly@aol.com,Michelle,Avila,83440796,curly@aol.com,Anthony,Avila,83440796,curly@aol.com,,,,,
286,Tina,Brooks,Grade 2,Gr 2C,834153419,mhanoh@me.com,Megan,Brooks,834153419,mhanoh@me.com,Andrew,Brooks,834153419,mhanoh@me.com,,,,,
287,Joseph,Byrd,Grade 2,Gr 2C,846519690,psharpe@yahoo.com,Carrie,Byrd,846519690,psharpe@yahoo.com,David,Byrd,846519690,psharpe@yahoo.com,,,,,
288,Debra,Parks,Grade 2,Gr 2C,839006143,library@hotmail.com,Lauren,Parks,839006143,library@hotmail.com,Mathew,Parks,839006143,library@hotmail.com,,,,,
289,Jonathan,Clark,Grade 2,Gr 2C,839073458,matloff@optonline.net,Dana,Clark,839073458,matloff@optonline.net,Daniel,Clark,839073458,matloff@optonline.net,,,,,
290,Dr.,Elaine,Grade 2,Gr 2C,828077377,dkasak@hotmail.com,Tracy,Elaine,828077377,dkasak@hotmail.com,Donald,Elaine,828077377,dkasak@hotmail.com,,,,,
291,Jeffery,Waters,Grade 2,Gr 2C,835736714,khris@mac.com,Cindy,Waters,835736714,khris@mac.com,Larry,Waters,835736714,khris@mac.com,,,,,
292,John,Hernandez,Grade 2,Gr 2C,846743005,chance@hotmail.com,Deborah,Hernandez,846743005,chance@hotmail.com,Christian,Hernandez,846743005,chance@hotmail.com,,,,,
293,Heather,Parker,Grade 2,Gr 2C,829227113,marcs@gmail.com,Eileen,Parker,829227113,marcs@gmail.com,Andrew,Parker,829227113,marcs@gmail.com,,,,,
294,Julia,Ware,Grade 2,Gr 2C,834281252,mstrout@sbcglobal.net,Ashlee,Ware,834281252,mstrout@sbcglobal.net,Bradley,Ware,834281252,mstrout@sbcglobal.net,,,,,
295,Ana,Schmidt,Grade 2,Gr 2C,845622064,munge@optonline.net,Monique,Schmidt,845622064,munge@optonline.net,Glenn,Schmidt,845622064,munge@optonline.net,,,,,
296,Mr.,Joseph,Grade 2,Gr 2C,846759794,fallorn@comcast.net,Michelle,Joseph,846759794,fallorn@comcast.net,Sean,Joseph,846759794,fallorn@comcast.net,,,,,
297,Joseph,Graham,Grade 2,Gr 2C,825934464,sfoskett@att.net,Lisa,Graham,825934464,sfoskett@att.net,Matthew,Graham,825934464,sfoskett@att.net,,,,,
298,Michael,Porter,Grade 2,Gr 2C,838389282,cliffski@verizon.net,Jasmine,Porter,838389282,cliffski@verizon.net,Anthony,Porter,838389282,cliffski@verizon.net,,,,,
299,Melinda,Graves,Grade 2,Gr 2C,829702535,intlprog@comcast.net,Anna,Graves,829702535,intlprog@comcast.net,Donald,Graves,829702535,intlprog@comcast.net,,,,,
300,Kyle,Butler,Grade 2,Gr 2D,821995398,bowmanbs@msn.com,Amanda,Butler,821995398,bowmanbs@msn.com,Francisco,Butler,821995398,bowmanbs@msn.com,,,,,
301,Ashley,Zimmerman,Grade 2,Gr 2D,836189524,aprakash@msn.com,Jessica,Zimmerman,836189524,aprakash@msn.com,Jason,Zimmerman,836189524,aprakash@msn.com,,,,,
302,Jessica,Robinson,Grade 2,Gr 2D,8569825,kassiesa@comcast.net,Abigail,Robinson,8569825,kassiesa@comcast.net,Jesse,Robinson,8569825,kassiesa@comcast.net,,,,,
303,Victoria,Cole,Grade 2,Gr 2D,833267474,madler@comcast.net,Rebecca,Cole,833267474,madler@comcast.net,Jose,Cole,833267474,madler@comcast.net,,,,,
304,Erica,Gray,Grade 2,Gr 2D,846673953,djpig@yahoo.ca,Danielle,Gray,846673953,djpig@yahoo.ca,Richard,Gray,846673953,djpig@yahoo.ca,,,,,
305,Stacey,Torres,Grade 2,Gr 2D,83440796,amimojo@optonline.net,Krista,Torres,83440796,amimojo@optonline.net,Alex,Torres,83440796,amimojo@optonline.net,,,,,
306,Richard,Hunter,Grade 2,Gr 2D,834153419,choset@verizon.net,Karen,Hunter,834153419,choset@verizon.net,Luke,Hunter,834153419,choset@verizon.net,,,,,
307,Katelyn,Hooper,Grade 2,Gr 2D,846519690,pmint@outlook.com,Pamela,Hooper,846519690,pmint@outlook.com,James,Hooper,846519690,pmint@outlook.com,,,,,
308,Justin,Ortiz,Grade 2,Gr 2D,839006143,eimear@hotmail.com,Ebony,Ortiz,839006143,eimear@hotmail.com,Gary,Ortiz,839006143,eimear@hotmail.com,,,,,
309,Diane,Wilson,Grade 2,Gr 2D,839073458,weidai@sbcglobal.net,Brooke,Wilson,839073458,weidai@sbcglobal.net,Paul,Wilson,839073458,weidai@sbcglobal.net,,,,,
310,David,Foley,Grade 2,Gr 2D,828077377,froodian@comcast.net,Elizabeth,Foley,828077377,froodian@comcast.net,Connor,Foley,828077377,froodian@comcast.net,,,,,
311,Thomas,Carlson,Grade 2,Gr 2D,835736714,schumer@yahoo.com,Jennifer,Carlson,835736714,schumer@yahoo.com,Jeffery,Carlson,835736714,schumer@yahoo.com,,,,,
312,Jacob,Faulkner,Grade 2,Gr 2D,846743005,jmorris@aol.com,Pamela,Faulkner,846743005,jmorris@aol.com,Benjamin,Faulkner,846743005,jmorris@aol.com,,,,,
313,Derek,Dickson,Grade 2,Gr 2D,829227113,naoya@mac.com,Cassandra,Dickson,829227113,naoya@mac.com,Brian,Dickson,829227113,naoya@mac.com,,,,,
314,James,Steele,Grade 2,Gr 2D,834281252,mwilson@me.com,Alexis,Steele,834281252,mwilson@me.com,Garrett,Steele,834281252,mwilson@me.com,,,,,
315,Laura,Parker,Grade 2,Gr 2D,845622064,lipeng@optonline.net,Autumn,Parker,845622064,lipeng@optonline.net,Andrew,Parker,845622064,lipeng@optonline.net,,,,,
316,Eric,Nichols,Grade 2,Gr 2D,846759794,rattenbt@gmail.com,Kimberly,Nichols,846759794,rattenbt@gmail.com,Mike,Nichols,846759794,rattenbt@gmail.com,,,,,
317,Alexis,Duffy,Grade 2,Gr 2D,825934464,dkasak@comcast.net,Sarah,Duffy,825934464,dkasak@comcast.net,Mark,Duffy,825934464,dkasak@comcast.net,,,,,
318,Billy,Mann,Grade 2,Gr 2D,838389282,imightb@comcast.net,Angela,Mann,838389282,imightb@comcast.net,Adam,Mann,838389282,imightb@comcast.net,,,,,
319,Dana,Chandler,Grade 2,Gr 2D,829702535,rkobes@comcast.net,Carrie,Chandler,829702535,rkobes@comcast.net,Robert,Chandler,829702535,rkobes@comcast.net,,,,,
320,Gregory,Morrison,Grade 2,Gr 2D,821995398,laird@msn.com,Jennifer,Morrison,821995398,laird@msn.com,Daniel,Morrison,821995398,laird@msn.com,,,,,
321,Jacqueline,Wilson,Grade 2,Gr 2D,836189524,ajohnson@yahoo.ca,Felicia,Wilson,836189524,ajohnson@yahoo.ca,David,Wilson,836189524,ajohnson@yahoo.ca,,,,,
322,Tammy,Brown,Grade 2,Gr 2D,8569825,psharpe@yahoo.com,Jennifer,Brown,8569825,psharpe@yahoo.com,Ronald,Brown,8569825,psharpe@yahoo.com,,,,,
323,Michael,Howard,Grade 2,Gr 2D,833267474,josem@att.net,Karina,Howard,833267474,josem@att.net,Brian,Howard,833267474,josem@att.net,,,,,
324,George,Hinton,Grade 2,Gr 2D,846673953,zeitlin@outlook.com,Marissa,Hinton,846673953,zeitlin@outlook.com,Eddie,Hinton,846673953,zeitlin@outlook.com,,,,,
325,Joel,Miller,Grade 2,Gr 2D,83440796,dhrakar@verizon.net,Tiffany,Miller,83440796,dhrakar@verizon.net,Bruce,Miller,83440796,dhrakar@verizon.net,,,,,
326,Justin,Hood,Grade 2,Gr 2D,834153419,mobileip@hotmail.com,Crystal,Hood,834153419,mobileip@hotmail.com,Jeremy,Hood,834153419,mobileip@hotmail.com,,,,,
327,Corey,Mejia,Grade 2,Gr 2D,846519690,gward@me.com,Jennifer,Mejia,846519690,gward@me.com,Donald,Mejia,846519690,gward@me.com,,,,,
328,Andrew,Valdez,Grade 2,Gr 2D,839006143,cosimo@yahoo.com,Brooke,Valdez,839006143,cosimo@yahoo.com,Brandon,Valdez,839006143,cosimo@yahoo.com,,,,,
329,Brenda,Barnes,Grade 2,Gr 2D,839073458,ganter@hotmail.com,Amanda,Barnes,839073458,ganter@hotmail.com,Jason,Barnes,839073458,ganter@hotmail.com,,,,,
330,James,Smith,Grade 2,Gr 2D,828077377,wilsonpm@sbcglobal.net,Dawn,Smith,828077377,wilsonpm@sbcglobal.net,Kyle,Smith,828077377,wilsonpm@sbcglobal.net,,,,,
331,Brian,Mercer,Grade 2,Gr 2D,835736714,crimsane@mac.com,Yolanda,Mercer,835736714,crimsane@mac.com,Nicholas,Mercer,835736714,crimsane@mac.com,,,,,
332,Christopher,Sellers,Grade 2,Gr 2D,846743005,kidehen@yahoo.ca,Cindy,Sellers,846743005,kidehen@yahoo.ca,Bradley,Sellers,846743005,kidehen@yahoo.ca,,,,,
333,Lauren,Ellis,Grade 2,Gr 2D,829227113,thomasj@yahoo.com,Heather,Ellis,829227113,thomasj@yahoo.com,Edward,Ellis,829227113,thomasj@yahoo.com,,,,,
334,Jacqueline,Miller,Grade 2,Gr 2D,834281252,jbearp@comcast.net,Karina,Miller,834281252,jbearp@comcast.net,Thomas,Miller,834281252,jbearp@comcast.net,,,,,
335,Christopher,Flores,Grade 2,Gr 2D,845622064,bulletin@yahoo.com,Dominique,Flores,845622064,bulletin@yahoo.com,Vincent,Flores,845622064,bulletin@yahoo.com,,,,,
336,Christine,May,Grade 2,Gr 2D,846759794,mjewell@yahoo.ca,Linda,May,846759794,mjewell@yahoo.ca,Russell,May,846759794,mjewell@yahoo.ca,,,,,
337,Ryan,Stevenson,Grade 2,Gr 2D,825934464,smeier@gmail.com,Maria,Stevenson,825934464,smeier@gmail.com,Brian,Stevenson,825934464,smeier@gmail.com,,,,,
338,Samuel,Knight,Grade 2,Gr 2D,838389282,crandall@optonline.net,Samantha,Knight,838389282,crandall@optonline.net,Joshua,Knight,838389282,crandall@optonline.net,,,,,
339,Alan,Rivas,Grade 2,Gr 2D,829702535,pmint@comcast.net,Priscilla,Rivas,829702535,pmint@comcast.net,Christopher,Rivas,829702535,pmint@comcast.net,,,,,
340,James,Ramos,Grade 2,Gr 2D,821995398,paulv@gmail.com,Elizabeth,Ramos,821995398,paulv@gmail.com,Jonathan,Ramos,821995398,paulv@gmail.com,,,,,
341,Alyssa,Mills,Grade 2,Gr 2D,836189524,portscan@gmail.com,Amy,Mills,836189524,portscan@gmail.com,Peter,Mills,836189524,portscan@gmail.com,,,,,
342,Theodore,Moore,Grade 2,Gr 2D,8569825,jespley@gmail.com,Jennifer,Moore,8569825,jespley@gmail.com,Kevin,Moore,8569825,jespley@gmail.com,,,,,
343,Jimmy,Schroeder,Grade 2,Gr 2D,833267474,noticias@sbcglobal.net,Janet,Schroeder,833267474,noticias@sbcglobal.net,Eddie,Schroeder,833267474,noticias@sbcglobal.net,,,,,
344,Rebecca,Sanchez,Grade 2,Gr 2D,846673953,boomzilla@yahoo.com,Kristin,Sanchez,846673953,boomzilla@yahoo.com,Shane,Sanchez,846673953,boomzilla@yahoo.com,,,,,
345,Nathan,Palmer,Grade 2,Gr 2D,83440796,sethbrown@verizon.net,Kimberly,Palmer,83440796,sethbrown@verizon.net,Jeffrey,Palmer,83440796,sethbrown@verizon.net,,,,,
346,Damon,Mason,Grade 2,Gr 2D,834153419,anicolao@sbcglobal.net,Ashley,Mason,834153419,anicolao@sbcglobal.net,Aaron,Mason,834153419,anicolao@sbcglobal.net,,,,,
347,Spencer,Spence,Grade 2,Gr 2D,846519690,mwilson@mac.com,Barbara,Spence,846519690,mwilson@mac.com,Anthony,Spence,846519690,mwilson@mac.com,,,,,
348,Sierra,Owens,Grade 2,Gr 2D,839006143,jbryan@mac.com,Diana,Owens,839006143,jbryan@mac.com,John,Owens,839006143,jbryan@mac.com,,,,,
349,Hunter,Ford,Grade 2,Gr 2D,839073458,dwheeler@verizon.net,Crystal,Ford,839073458,dwheeler@verizon.net,Dennis,Ford,839073458,dwheeler@verizon.net,,,,,
350,Krystal,Gutierrez,Grade 2,Gr 2D,828077377,squirrel@live.com,Donna,Gutierrez,828077377,squirrel@live.com,Matthew,Gutierrez,828077377,squirrel@live.com,,,,,
351,Morgan,Webb,Grade 2,Gr 2D,835736714,mavilar@comcast.net,Michelle,Webb,835736714,mavilar@comcast.net,Nicholas,Webb,835736714,mavilar@comcast.net,,,,,
352,Shelly,Bennett,Grade 2,Gr 2E,846743005,yenya@sbcglobal.net,Lisa,Bennett,846743005,yenya@sbcglobal.net,Ricky,Bennett,846743005,yenya@sbcglobal.net,,,,,
353,Christine,Perry,Grade 2,Gr 2E,829227113,miyop@outlook.com,Nicole,Perry,829227113,miyop@outlook.com,Joshua,Perry,829227113,miyop@outlook.com,,,,,
354,Jose,Petersen,Grade 2,Gr 2E,834281252,bowmanbs@yahoo.com,Rebecca,Petersen,834281252,bowmanbs@yahoo.com,Frederick,Petersen,834281252,bowmanbs@yahoo.com,,,,,
355,Jennifer,Martin,Grade 2,Gr 2E,845622064,quantaman@aol.com,Allison,Martin,845622064,quantaman@aol.com,Jared,Martin,845622064,quantaman@aol.com,,,,,
356,Scott,Buck,Grade 2,Gr 2E,846759794,odlyzko@optonline.net,Cassidy,Buck,846759794,odlyzko@optonline.net,James,Buck,846759794,odlyzko@optonline.net,,,,,
357,Jesus,Baker,Grade 2,Gr 2E,825934464,matsn@yahoo.com,Kimberly,Baker,825934464,matsn@yahoo.com,Daniel,Baker,825934464,matsn@yahoo.com,,,,,
358,Mr.,John,Grade 2,Gr 2E,838389282,thurston@me.com,Ashley,John,838389282,thurston@me.com,Michael,John,838389282,thurston@me.com,,,,,
359,Austin,King,Grade 2,Gr 2E,829702535,sfoskett@sbcglobal.net,Julie,King,829702535,sfoskett@sbcglobal.net,Daniel,King,829702535,sfoskett@sbcglobal.net,,,,,
360,Keith,Contreras,Grade 2,Gr 2E,821995398,muadip@aol.com,Cynthia,Contreras,821995398,muadip@aol.com,Justin,Contreras,821995398,muadip@aol.com,,,,,
361,Ms.,Michele,Grade 2,Gr 2E,836189524,malattia@sbcglobal.net,Michelle,Michele,836189524,malattia@sbcglobal.net,Joe,Michele,836189524,malattia@sbcglobal.net,,,,,
362,Erica,Gibbs,Grade 2,Gr 2E,8569825,treeves@optonline.net,Kathy,Gibbs,8569825,treeves@optonline.net,Joshua,Gibbs,8569825,treeves@optonline.net,,,,,
363,Stephanie,Graham,Grade 2,Gr 2E,833267474,uncle@yahoo.ca,Jessica,Graham,833267474,uncle@yahoo.ca,Jeremy,Graham,833267474,uncle@yahoo.ca,,,,,
364,Joshua,Wagner,Grade 2,Gr 2E,846673953,kostas@hotmail.com,Linda,Wagner,846673953,kostas@hotmail.com,Jeffrey,Wagner,846673953,kostas@hotmail.com,,,,,
365,Emma,Wise,Grade 2,Gr 2E,83440796,mbswan@verizon.net,Kaitlyn,Wise,83440796,mbswan@verizon.net,Anthony,Wise,83440796,mbswan@verizon.net,,,,,
366,James,Pratt,Grade 2,Gr 2E,834153419,bogjobber@icloud.com,Paula,Pratt,834153419,bogjobber@icloud.com,Robert,Pratt,834153419,bogjobber@icloud.com,,,,,
367,Jeffrey,Johnson,Grade 2,Gr 2E,846519690,kronvold@me.com,Anna,Johnson,846519690,kronvold@me.com,Timothy,Johnson,846519690,kronvold@me.com,,,,,
368,Ashley,Davis,Grade 2,Gr 2E,839006143,drezet@me.com,Linda,Davis,839006143,drezet@me.com,Shane,Davis,839006143,drezet@me.com,,,,,
369,Lisa,Poole,Grade 2,Gr 2E,839073458,garyjb@live.com,Sarah,Poole,839073458,garyjb@live.com,Gregory,Poole,839073458,garyjb@live.com,,,,,
370,Cody,Davis,Grade 2,Gr 2E,828077377,natepuri@msn.com,Ashley,Davis,828077377,natepuri@msn.com,Steven,Davis,828077377,natepuri@msn.com,,,,,
371,John,Osborn,Grade 2,Gr 2E,835736714,dbrobins@att.net,Sarah,Osborn,835736714,dbrobins@att.net,Paul,Osborn,835736714,dbrobins@att.net,,,,,
372,Laura,Gordon,Grade 2,Gr 2E,846743005,henkp@aol.com,Gina,Gordon,846743005,henkp@aol.com,Francisco,Gordon,846743005,henkp@aol.com,,,,,
373,Daniel,Coleman,Grade 2,Gr 2F,829227113,bryam@verizon.net,Nicole,Coleman,829227113,bryam@verizon.net,Jason,Coleman,829227113,bryam@verizon.net,,,,,
374,Joseph,Smith,Grade 2,Gr 2F,834281252,parasite@yahoo.com,Hayley,Smith,834281252,parasite@yahoo.com,John,Smith,834281252,parasite@yahoo.com,,,,,
375,Michaela,Macias,Grade 2,Gr 2F,845622064,yangyan@hotmail.com,Briana,Macias,845622064,yangyan@hotmail.com,Charles,Macias,845622064,yangyan@hotmail.com,,,,,
376,Robert,Simmons,Grade 2,Gr 2F,846759794,dwsauder@mac.com,Lynn,Simmons,846759794,dwsauder@mac.com,John,Simmons,846759794,dwsauder@mac.com,,,,,
377,Danny,Rojas,Grade 2,Gr 2F,825934464,goldberg@att.net,Sonya,Rojas,825934464,goldberg@att.net,Ivan,Rojas,825934464,goldberg@att.net,,,,,
378,Erika,Bradshaw,Grade 2,Gr 2F,838389282,mschwartz@sbcglobal.net,Jennifer,Bradshaw,838389282,mschwartz@sbcglobal.net,Carl,Bradshaw,838389282,mschwartz@sbcglobal.net,,,,,
379,Samantha,Pena,Grade 2,Gr 2F,829702535,mbalazin@hotmail.com,Rachel,Pena,829702535,mbalazin@hotmail.com,Jordan,Pena,829702535,mbalazin@hotmail.com,,,,,
380,Jaime,Erickson,Grade 2,Gr 2F,821995398,wikinerd@hotmail.com,Donna,Erickson,821995398,wikinerd@hotmail.com,William,Erickson,821995398,wikinerd@hotmail.com,,,,,
381,Joshua,Woods,Grade 2,Gr 2F,836189524,sumdumass@msn.com,Laura,Woods,836189524,sumdumass@msn.com,Ruben,Woods,836189524,sumdumass@msn.com,,,,,
382,Albert,Martinez,Grade 2,Gr 2F,8569825,andrei@hotmail.com,Kristen,Martinez,8569825,andrei@hotmail.com,James,Martinez,8569825,andrei@hotmail.com,,,,,
383,Eric,Miller,Grade 2,Gr 2F,833267474,benits@yahoo.com,Jennifer,Miller,833267474,benits@yahoo.com,Blake,Miller,833267474,benits@yahoo.com,,,,,
384,Bernard,Larson,Grade 2,Gr 2F,846673953,dhwon@mac.com,Robyn,Larson,846673953,dhwon@mac.com,Eric,Larson,846673953,dhwon@mac.com,,,,,
385,Allen,Williams,Grade 2,Gr 2F,83440796,amaranth@msn.com,Tara,Williams,83440796,amaranth@msn.com,Shawn,Williams,83440796,amaranth@msn.com,,,,,
386,Jason,Flores,Grade 2,Gr 2F,834153419,jbailie@me.com,Ana,Flores,834153419,jbailie@me.com,Jeffrey,Flores,834153419,jbailie@me.com,,,,,
387,Molly,Thomas,Grade 2,Gr 2F,846519690,syncnine@yahoo.com,Heather,Thomas,846519690,syncnine@yahoo.com,Brett,Thomas,846519690,syncnine@yahoo.com,,,,,
388,Mr.,Kevin,Grade 2,Gr 2F,839006143,eidac@outlook.com,Ashley,Kevin,839006143,eidac@outlook.com,Kyle,Kevin,839006143,eidac@outlook.com,,,,,
389,Elizabeth,Sanchez,Grade 2,Gr 2F,839073458,seurat@att.net,Ruth,Sanchez,839073458,seurat@att.net,Steven,Sanchez,839073458,seurat@att.net,,,,,
390,Tiffany,Marshall,Grade 2,Gr 2F,828077377,syrinx@optonline.net,Victoria,Marshall,828077377,syrinx@optonline.net,Robert,Marshall,828077377,syrinx@optonline.net,,,,,
391,James,Nunez,Grade 2,Gr 2F,835736714,bogjobber@outlook.com,Denise,Nunez,835736714,bogjobber@outlook.com,James,Nunez,835736714,bogjobber@outlook.com,,,,,
392,Jeffrey,Moore,Grade 2,Gr 2F,846743005,leakin@mac.com,Courtney,Moore,846743005,leakin@mac.com,Lawrence,Moore,846743005,leakin@mac.com,,,,,
393,Anne,Ryan,Grade 2,Gr 2F,829227113,facet@sbcglobal.net,Amanda,Ryan,829227113,facet@sbcglobal.net,Andrew,Ryan,829227113,facet@sbcglobal.net,,,,,
394,Leah,Anderson,Grade 2,Gr 2F,834281252,jimmichie@outlook.com,Maria,Anderson,834281252,jimmichie@outlook.com,Terry,Anderson,834281252,jimmichie@outlook.com,,,,,
395,Todd,Garcia,Grade 2,Gr 2F,845622064,gmcgath@sbcglobal.net,Jillian,Garcia,845622064,gmcgath@sbcglobal.net,Arthur,Garcia,845622064,gmcgath@sbcglobal.net,,,,,
396,Rhonda,Anderson,Grade 2,Gr 2F,846759794,vganesh@comcast.net,Sandra,Anderson,846759794,vganesh@comcast.net,Juan,Anderson,846759794,vganesh@comcast.net,,,,,
397,Rachel,Hunter,Grade 2,Gr 2F,825934464,mkearl@yahoo.com,Diane,Hunter,825934464,mkearl@yahoo.com,James,Hunter,825934464,mkearl@yahoo.com,,,,,
398,Tammie,Wilcox,Grade 2,Gr 2F,838389282,jfriedl@att.net,Vanessa,Wilcox,838389282,jfriedl@att.net,Daniel,Wilcox,838389282,jfriedl@att.net,,,,,
399,Arthur,Wang,Grade 2,Gr 2F,829702535,novanet@yahoo.com,Pamela,Wang,829702535,novanet@yahoo.com,Keith,Wang,829702535,novanet@yahoo.com,,,,,
400,Jennifer,Garcia,Grade 2,Gr 2F,821995398,hakim@me.com,Stephanie,Garcia,821995398,hakim@me.com,David,Garcia,821995398,hakim@me.com,,,,,
401,Theresa,Ortega,Grade 3,Gr 3A,836189524,maratb@optonline.net,Erin,Ortega,836189524,maratb@optonline.net,Michael,Ortega,836189524,maratb@optonline.net,,,,,
,,,,,,,,,,,,,,,,,,,
,,,,,,,,,,,,,,,,,,,
,,,,,,,,,,,,,,,,,,,
,,,,,,,,,,,,,,,,,,,
,,,,,,,,,,,,,,,,,,,
,,,,,,,,,,,,,,,,,,,
,,,,,,,,,,,,,,,,,,,
,,,,,,,,,,,,,,,,,,,
,,,,,,,,,,,,,,,,,,,
,,,,,,,,,,,,,,,,,,,
,,,,,,,,,,,,,,,,,,,
,,,,,,,,,,,,,,,,,,,
,,,,,,,,,,,,,,,,,,,
,,,,,,,,,,,,,,,,,,,
,,,,,,,,,,,,,,,,,,,
,,,,,,,,,,,,,,,,,,,
,,,,,,,,,,,,,,,,,,,
,,,,,,,,,,,,,,,,,,,
,,,,,,,,,,,,,,,,,,,
,,,,,,,,,,,,,,,,,,,
,,,,,,,,,,,,,,,,,,,
,,,,,,,,,,,,,,,,,,,
,,,,,,,,,,,,,,,,,,,
,,,,,,,,,,,,,,,,,,,
,,,,,,,,,,,,,,,,,,,
,,,,,,,,,,,,,,,,,,,
,,,,,,,,,,,,,,,,,,,
,,,,,,,,,,,,,,,,,,,
,,,,,,,,,,,,,,,,,,,
,,,,,,,,,,,,,,,,,,,
,,,,,,,,,,,,,,,,,,,
,,,,,,,,,,,,,,,,,,,
,,,,,,,,,,,,,,,,,,,
,,,,,,,,,,,,,,,,,,,
,,,,,,,,,,,,,,,,,,,
,,,,,,,,,,,,,,,,,,,
,,,,,,,,,,,,,,,,,,,
,,,,,,,,,,,,,,,,,,,
,,,,,,,,,,,,,,,,,,,
,,,,,,,,,,,,,,,,,,,
,,,,,,,,,,,,,,,,,,,
,,,,,,,,,,,,,,,,,,,
,,,,,,,,,,,,,,,,,,,
,,,,,,,,,,,,,,,,,,,
,,,,,,,,,,,,,,,,,,,
,,,,,,,,,,,,,,,,,,,
,,,,,,,,,,,,,,,,,,,
,,,,,,,,,,,,,,,,,,,
,,,,,,,,,,,,,,,,,,,
,,,,,,,,,,,,,,,,,,,
,,,,,,,,,,,,,,,,,,,
,,,,,,,,,,,,,,,,,,,
,,,,,,,,,,,,,,,,,,,
,,,,,,,,,,,,,,,,,,,
,,,,,,,,,,,,,,,,,,,
,,,,,,,,,,,,,,,,,,,
,,,,,,,,,,,,,,,,,,,
,,,,,,,,,,,,,,,,,,,
,,,,,,,,,,,,,,,,,,,
,,,,,,,,,,,,,,,,,,,
,,,,,,,,,,,,,,,,,,,
,,,,,,,,,,,,,,,,,,,
,,,,,,,,,,,,,,,,,,,
,,,,,,,,,,,,,,,,,,,
,,,,,,,,,,,,,,,,,,,
,,,,,,,,,,,,,,,,,,,
,,,,,,,,,,,,,,,,,,,
,,,,,,,,,,,,,,,,,,,
,,,,,,,,,,,,,,,,,,,
,,,,,,,,,,,,,,,,,,,
,,,,,,,,,,,,,,,,,,,
,,,,,,,,,,,,,,,,,,,
,,,,,,,,,,,,,,,,,,,
,,,,,,,,,,,,,,,,,,,
,,,,,,,,,,,,,,,,,,,
,,,,,,,,,,,,,,,,,,,
,,,,,,,,,,,,,,,,,,,
,,,,,,,,,,,,,,,,,,,
,,,,,,,,,,,,,,,,,,,
,,,,,,,,,,,,,,,,,,,
,,,,,,,,,,,,,,,,,,,
,,,,,,,,,,,,,,,,,,,
,,,,,,,,,,,,,,,,,,,
,,,,,,,,,,,,,,,,,,,
,,,,,,,,,,,,,,,,,,,
,,,,,,,,,,,,,,,,,,,
,,,,,,,,,,,,,,,,,,,
,,,,,,,,,,,,,,,,,,,
,,,,,,,,,,,,,,,,,,,
,,,,,,,,,,,,,,,,,,,
,,,,,,,,,,,,,,,,,,,
,,,,,,,,,,,,,,,,,,,
,,,,,,,,,,,,,,,,,,,
,,,,,,,,,,,,,,,,,,,
,,,,,,,,,,,,,,,,,,,
,,,,,,,,,,,,,,,,,,,
,,,,,,,,,,,,,,,,,,,
,,,,,,,,,,,,,,,,,,,
,,,,,,,,,,,,,,,,,,,
,,,,,,,,,,,,,,,,,,,
,,,,,,,,,,,,,,,,,,,
,,,,,,,,,,,,,,,,,,,
,,,,,,,,,,,,,,,,,,,
,,,,,,,,,,,,,,,,,,,
,,,,,,,,,,,,,,,,,,,
,,,,,,,,,,,,,,,,,,,
,,,,,,,,,,,,,,,,,,,
,,,,,,,,,,,,,,,,,,,
,,,,,,,,,,,,,,,,,,,
,,,,,,,,,,,,,,,,,,,
,,,,,,,,,,,,,,,,,,,
,,,,,,,,,,,,,,,,,,,
,,,,,,,,,,,,,,,,,,,
,,,,,,,,,,,,,,,,,,,
,,,,,,,,,,,,,,,,,,,
,,,,,,,,,,,,,,,,,,,
,,,,,,,,,,,,,,,,,,,
,,,,,,,,,,,,,,,,,,,
,,,,,,,,,,,,,,,,,,,
,,,,,,,,,,,,,,,,,,,
,,,,,,,,,,,,,,,,,,,
,,,,,,,,,,,,,,,,,,,
,,,,,,,,,,,,,,,,,,,
,,,,,,,,,,,,,,,,,,,
,,,,,,,,,,,,,,,,,,,
,,,,,,,,,,,,,,,,,,,
,,,,,,,,,,,,,,,,,,,
,,,,,,,,,,,,,,,,,,,
,,,,,,,,,,,,,,,,,,,
,,,,,,,,,,,,,,,,,,,
,,,,,,,,,,,,,,,,,,,
,,,,,,,,,,,,,,,,,,,
,,,,,,,,,,,,,,,,,,,
,,,,,,,,,,,,,,,,,,,
,,,,,,,,,,,,,,,,,,,
,,,,,,,,,,,,,,,,,,,
,,,,,,,,,,,,,,,,,,,
,,,,,,,,,,,,,,,,,,,
,,,,,,,,,,,,,,,,,,,
,,,,,,,,,,,,,,,,,,,
,,,,,,,,,,,,,,,,,,,
,,,,,,,,,,,,,,,,,,,
,,,,,,,,,,,,,,,,,,,
,,,,,,,,,,,,,,,,,,,
,,,,,,,,,,,,,,,,,,,
,,,,,,,,,,,,,,,,,,,
,,,,,,,,,,,,,,,,,,,
,,,,,,,,,,,,,,,,,,,
,,,,,,,,,,,,,,,,,,,
,,,,,,,,,,,,,,,,,,,
,,,,,,,,,,,,,,,,,,,
,,,,,,,,,,,,,,,,,,,
,,,,,,,,,,,,,,,,,,,
,,,,,,,,,,,,,,,,,,,
,,,,,,,,,,,,,,,,,,,
,,,,,,,,,,,,,,,,,,,
,,,,,,,,,,,,,,,,,,,
,,,,,,,,,,,,,,,,,,,
,,,,,,,,,,,,,,,,,,,
,,,,,,,,,,,,,,,,,,,
,,,,,,,,,,,,,,,,,,,
,,,,,,,,,,,,,,,,,,,
,,,,,,,,,,,,,,,,,,,
,,,,,,,,,,,,,,,,,,,
,,,,,,,,,,,,,,,,,,,
,,,,,,,,,,,,,,,,,,,
,,,,,,,,,,,,,,,,,,,
,,,,,,,,,,,,,,,,,,,
,,,,,,,,,,,,,,,,,,,
,,,,,,,,,,,,,,,,,,,
,,,,,,,,,,,,,,,,,,,
,,,,,,,,,,,,,,,,,,,
,,,,,,,,,,,,,,,,,,,
,,,,,,,,,,,,,,,,,,,
,,,,,,,,,,,,,,,,,,,
,,,,,,,,,,,,,,,,,,,
,,,,,,,,,,,,,,,,,,,
,,,,,,,,,,,,,,,,,,,
,,,,,,,,,,,,,,,,,,,
,,,,,,,,,,,,,,,,,,,
,,,,,,,,,,,,,,,,,,,
,,,,,,,,,,,,,,,,,,,
,,,,,,,,,,,,,,,,,,,
,,,,,,,,,,,,,,,,,,,
,,,,,,,,,,,,,,,,,,,
,,,,,,,,,,,,,,,,,,,
,,,,,,,,,,,,,,,,,,,
,,,,,,,,,,,,,,,,,,,
,,,,,,,,,,,,,,,,,,,
,,,,,,,,,,,,,,,,,,,
,,,,,,,,,,,,,,,,,,,
,,,,,,,,,,,,,,,,,,,
,,,,,,,,,,,,,,,,,,,
,,,,,,,,,,,,,,,,,,,
,,,,,,,,,,,,,,,,,,,
,,,,,,,,,,,,,,,,,,,
,,,,,,,,,,,,,,,,,,,
,,,,,,,,,,,,,,,,,,,
,,,,,,,,,,,,,,,,,,,
,,,,,,,,,,,,,,,,,,,
,,,,,,,,,,,,,,,,,,,
,,,,,,,,,,,,,,,,,,,
,,,,,,,,,,,,,,,,,,,
,,,,,,,,,,,,,,,,,,,
,,,,,,,,,,,,,,,,,,,
,,,,,,,,,,,,,,,,,,,DDS
,,,,,,,,,,,,,,,,,,,
,,,,,,,,,,,,,,,,,,,
,,,,,,,,,,,,,,,,,,,
,,,,,,,,,,,,,,,,,,,
,,,,,,,,,,,,,,,,,,,
,,,,,,,,,,,,,,,,,,,
,,,,,,,,,,,,,,,,,,,
,,,,,,,,,,,,,,,,,,,
,,,,,,,,,,,,,,,,,,,
,,,,,,,,,,,,,,,,,,,
,,,,,,,,,,,,,,,,,,,
,,,,,,,,,,,,,,,,,,,
,,,,,,,,,,,,,,,,,,,
,,,,,,,,,,,,,,,,,,,
,,,,,,,,,,,,,,,,,,,
,,,,,,,,,,,,,,,,,,,
,,,,,,,,,,,,,,,,,,,
,,,,,,,,,,,,,,,,,,,
,,,,,,,,,,,,,,,,,,,
,,,,,,,,,,,,,,,,,,,
,,,,,,,,,,,,,,,,,,,
,,,,,,,,,,,,,,,,,,,
,,,,,,,,,,,,,,,,,,,
,,,,,,,,,,,,,,,,,,,
,,,,,,,,,,,,,,,,,,,
,,,,,,,,,,,,,,,,,,,
,,,,,,,,,,,,,,,,,,,
,,,,,,,,,,,,,,,,,,,
,,,,,,,,,,,,,,,,,,,
,,,,,,,,,,,,,,,,,,,
,,,,,,,,,,,,,,,,,,,
,,,,,,,,,,,,,,,,,,,
,,,,,,,,,,,,,,,,,,,
,,,,,,,,,,,,,,,,,,,
,,,,,,,,,,,,,,,,,,,
,,,,,,,,,,,,,,,,,,,
,,,,,,,,,,,,,,,,,,,
,,,,,,,,,,,,,,,,,,,
,,,,,,,,,,,,,,,,,,,
,,,,,,,,,,,,,,,,,,,
,,,,,,,,,,,,,,,,,,,
,,,,,,,,,,,,,,,,,,,
,,,,,,,,,,,,,,,,,,,
,,,,,,,,,,,,,,,,,,,
,,,,,,,,,,,,,,,,,,,
,,,,,,,,,,,,,,,,,,,
,,,,,,,,,,,,,,,,,,,
,,,,,,,,,,,,,,,,,,,
,,,,,,,,,,,,,,,,,,,
,,,,,,,,,,,,,,,,,,,
,,,,,,,,,,,,,,,,,,,
,,,,,,,,,,,,,,,,,,,
,,,,,,,,,,,,,,,,,,,
,,,,,,,,,,,,,,,,,,,
,,,,,,,,,,,,,,,,,,,
,,,,,,,,,,,,,,,,,,,
,,,,,,,,,,,,,,,,,,,
,,,,,,,,,,,,,,,,,,,
,,,,,,,,,,,,,,,,,,,
,,,,,,,,,,,,,,,,,,,
,,,,,,,,,,,,,,,,,,,
,,,,,,,,,,,,,,,,,,,
,,,,,,,,,,,,,,,,,,,
,,,,,,,,,,,,,,,,,,,
,,,,,,,,,,,,,,,,,,,
,,,,,,,,,,,,,,,,,,,
,,,,,,,,,,,,,,,,,,,
,,,,,,,,,,,,,,,,,,,
,,,,,,,,,,,,,,,,,,,
,,,,,,,,,,,,,,,,,,,
,,,,,,,,,,,,,,,,,,,
,,,,,,,,,,,,,,,,,,,
,,,,,,,,,,,,,,,,,,,
,,,,,,,,,,,,,,,,,,,
,,,,,,,,,,,,,,,,,,,
,,,,,,,,,,,,,,,,,,,
,,,,,,,,,,,,,,,,,,,
,,,,,,,,,,,,,,,,,,,
,,,,,,,,,,,,,,,,,,,
,,,,,,,,,,,,,,,,,,,
,,,,,,,,,,,,,,,,,,,
,,,,,,,,,,,,,,,,,,,
,,,,,,,,,,,,,,,,,,,
,,,,,,,,,,,,,,,,,,,
,,,,,,,,,,,,,,,,,,,
,,,,,,,,,,,,,,,,,,,
,,,,,,,,,,,,,,,,,,,
,,,,,,,,,,,,,,,,,,,
,,,,,,,,,,,,,,,,,,,
,,,,,,,,,,,,,,,,,,,
,,,,,,,,,,,,,,,,,,,
,,,,,,,,,,,,,,,,,,,
,,,,,,,,,,,,,,,,,,,
,,,,,,,,,,,,,,,,,,,
,,,,,,,,,,,,,,,,,,,
,,,,,,,,,,,,,,,,,,,
,,,,,,,,,,,,,,,,,,,
,,,,,,,,,,,,,,,,,,,
,,,,,,,,,,,,,,,,,,,
,,,,,,,,,,,,,,,,,,,
,,,,,,,,,,,,,,,,,,,
,,,,,,,,,,,,,,,,,,,
,,,,,,,,,,,,,,,,,,,
,,,,,,,,,,,,,,,,,,,
,,,,,,,,,,,,,,,,,,,
,,,,,,,,,,,,,,,,,,,
,,,,,,,,,,,,,,,,,,,
,,,,,,,,,,,,,,,,,,,
,,,,,,,,,,,,,,,,,,,
,,,,,,,,,,,,,,,,,,,
,,,,,,,,,,,,,,,,,,,
,,,,,,,,,,,,,,,,,,,
,,,,,,,,,,,,,,,,,,,
,,,,,,,,,,,,,,,,,,,
,,,,,,,,,,,,,,,,,,,
,,,,,,,,,,,,,,,,,,,
,,,,,,,,,,,,,,,,,,,
,,,,,,,,,,,,,,,,,,,
,,,,,,,,,,,,,,,,,,,
,,,,,,,,,,,,,,,,,,,
,,,,,,,,,,,,,,,,,,,
,,,,,,,,,,,,,,,,,,,
,,,,,,,,,,,,,,,,,,,
,,,,,,,,,,,,,,,,,,,
,,,,,,,,,,,,,,,,,,,
,,,,,,,,,,,,,,,,,,,
,,,,,,,,,,,,,,,,,,,
,,,,,,,,,,,,,,,,,,,
,,,,,,,,,,,,,,,,,,,
,,,,,,,,,,,,,,,,,,,
,,,,,,,,,,,,,,,,,,,
,,,,,,,,,,,,,,,,,,,
,,,,,,,,,,,,,,,,,,,
,,,,,,,,,,,,,,,,,,,
,,,,,,,,,,,,,,,,,,,
,,,,,,,,,,,,,,,,,,,
,,,,,,,,,,,,,,,,,,,
,,,,,,,,,,,,,,,,,,,
,,,,,,,,,,,,,,,,,,,
,,,,,,,,,,,,,,,,,,,
,,,,,,,,,,,,,,,,,,,
,,,,,,,,,,,,,,,,,,,
,,,,,,,,,,,,,,,,,,,
,,,,,,,,,,,,,,,,,,,
,,,,,,,,,,,,,,,,,,,
,,,,,,,,,,,,,,,,,,,Jr.
,,,,,,,,,,,,,,,,,,,
,,,,,,,,,,,,,,,,,,,
,,,,,,,,,,,,,,,,,,,
,,,,,,,,,,,,,,,,,,,
,,,,,,,,,,,,,,,,,,,
,,,,,,,,,,,,,,,,,,,
,,,,,,,,,,,,,,,,,,,
,,,,,,,,,,,,,,,,,,,
,,,,,,,,,,,,,,,,,,,
,,,,,,,,,,,,,,,,,,,
,,,,,,,,,,,,,,,,,,,
,,,,,,,,,,,,,,,,,,,
,,,,,,,,,,,,,,,,,,,
,,,,,,,,,,,,,,,,,,,
,,,,,,,,,,,,,,,,,,,
,,,,,,,,,,,,,,,,,,,
,,,,,,,,,,,,,,,,,,,
,,,,,,,,,,,,,,,,,,,
,,,,,,,,,,,,,,,,,,,
,,,,,,,,,,,,,,,,,,,
,,,,,,,,,,,,,,,,,,,
,,,,,,,,,,,,,,,,,,,
,,,,,,,,,,,,,,,,,,,
,,,,,,,,,,,,,,,,,,,
,,,,,,,,,,,,,,,,,,,
,,,,,,,,,,,,,,,,,,,PhD
,,,,,,,,,,,,,,,,,,,
,,,,,,,,,,,,,,,,,,,
,,,,,,,,,,,,,,,,,,,
,,,,,,,,,,,,,,,,,,,MD
,,,,,,,,,,,,,,,,,,,
,,,,,,,,,,,,,,,,,,,
,,,,,,,,,,,,,,,,,,,
,,,,,,,,,,,,,,,,,,,
,,,,,,,,,,,,,,,,,,,
,,,,,,,,,,,,,,,,,,,
,,,,,,,,,,,,,,,,,,,
,,,,,,,,,,,,,,,,,,,
,,,,,,,,,,,,,,,,,,,
,,,,,,,,,,,,,,,,,,,
,,,,,,,,,,,,,,,,,,,
,,,,,,,,,,,,,,,,,,,
,,,,,,,,,,,,,,,,,,,
,,,,,,,,,,,,,,,,,,,
,,,,,,,,,,,,,,,,,,,
,,,,,,,,,,,,,,,,,,,
,,,,,,,,,,,,,,,,,,,
,,,,,,,,,,,,,,,,,,,
,,,,,,,,,,,,,,,,,,,
,,,,,,,,,,,,,,,,,,,
,,,,,,,,,,,,,,,,,,,
,,,,,,,,,,,,,,,,,,,
,,,,,,,,,,,,,,,,,,,
,,,,,,,,,,,,,,,,,,,
,,,,,,,,,,,,,,,,,,,
,,,,,,,,,,,,,,,,,,,
,,,,,,,,,,,,,,,,,,,
,,,,,,,,,,,,,,,,,,,
,,,,,,,,,,,,,,,,,,,
,,,,,,,,,,,,,,,,,,,
,,,,,,,,,,,,,,,,,,,
,,,,,,,,,,,,,,,,,,,
,,,,,,,,,,,,,,,,,,,
,,,,,,,,,,,,,,,,,,,
,,,,,,,,,,,,,,,,,,,
,,,,,,,,,,,,,,,,,,,
,,,,,,,,,,,,,,,,,,,
,,,,,,,,,,,,,,,,,,,
,,,,,,,,,,,,,,,,,,,
,,,,,,,,,,,,,,,,,,,
,,,,,,,,,,,,,,,,,,,
,,,,,,,,,,,,,,,,,,,
,,,,,,,,,,,,,,,,,,,
,,,,,,,,,,,,,,,,,,,
,,,,,,,,,,,,,,,,,,,
,,,,,,,,,,,,,,,,,,,
,,,,,,,,,,,,,,,,,,,
,,,,,,,,,,,,,,,,,,,
,,,,,,,,,,,,,,,,,,,
,,,,,,,,,,,,,,,,,,,
,,,,,,,,,,,,,,,,,,,
,,,,,,,,,,,,,,,,,,,
,,,,,,,,,,,,,,,,,,,
,,,,,,,,,,,,,,,,,,,
,,,,,,,,,,,,,,,,,,,
,,,,,,,,,,,,,,,,,,,
,,,,,,,,,,,,,,,,,,,
,,,,,,,,,,,,,,,,,,,
,,,,,,,,,,,,,,,,,,,
,,,,,,,,,,,,,,,,,,,
,,,,,,,,,,,,,,,,,,,
,,,,,,,,,,,,,,,,,,,
,,,,,,,,,,,,,,,,,,,
,,,,,,,,,,,,,,,,,,,
,,,,,,,,,,,,,,,,,,,
,,,,,,,,,,,,,,,,,,,
,,,,,,,,,,,,,,,,,,,
,,,,,,,,,,,,,,,,,,,
,,,,,,,,,,,,,,,,,,,
,,,,,,,,,,,,,,,,,,,
,,,,,,,,,,,,,,,,,,,
,,,,,,,,,,,,,,,,,,,
,,,,,,,,,,,,,,,,,,,
,,,,,,,,,,,,,,,,,,,
,,,,,,,,,,,,,,,,,,,
,,,,,,,,,,,,,,,,,,,
,,,,,,,,,,,,,,,,,,,
,,,,,,,,,,,,,,,,,,,
,,,,,,,,,,,,,,,,,,,
,,,,,,,,,,,,,,,,,,,
,,,,,,,,,,,,,,,,,,,
,,,,,,,,,,,,,,,,,,,
,,,,,,,,,,,,,,,,,,,
,,,,,,,,,,,,,,,,,,,
,,,,,,,,,,,,,,,,,,,
,,,,,,,,,,,,,,,,,,,
,,,,,,,,,,,,,,,,,,,
,,,,,,,,,,,,,,,,,,,
,,,,,,,,,,,,,,,,,,,
,,,,,,,,,,,,,,,,,,,
,,,,,,,,,,,,,,,,,,,
,,,,,,,,,,,,,,,,,,,
,,,,,,,,,,,,,,,,,,,
,,,,,,,,,,,,,,,,,,,
,,,,,,,,,,,,,,,,,,,
,,,,,,,,,,,,,,,,,,,
,,,,,,,,,,,,,,,,,,,
,,,,,,,,,,,,,,,,,,,
,,,,,,,,,,,,,,,,,,,
,,,,,,,,,,,,,,,,,,,
,,,,,,,,,,,,,,,,,,,
,,,,,,,,,,,,,,,,,,,
,,,,,,,,,,,,,,,,,,,
,,,,,,,,,,,,,,,,,,,
,,,,,,,,,,,,,,,,,,,
,,,,,,,,,,,,,,,,,,,
,,,,,,,,,,,,,,,,,,,
,,,,,,,,,,,,,,,,,,,
,,,,,,,,,,,,,,,,,,,
,,,,,,,,,,,,,,,,,,,
,,,,,,,,,,,,,,,,,,,
,,,,,,,,,,,,,,,,,,,
,,,,,,,,,,,,,,,,,,,
,,,,,,,,,,,,,,,,,,,
,,,,,,,,,,,,,,,,,,,
,,,,,,,,,,,,,,,,,,,
,,,,,,,,,,,,,,,,,,,
,,,,,,,,,,,,,,,,,,,
,,,,,,,,,,,,,,,,,,,
,,,,,,,,,,,,,,,,,,,
,,,,,,,,,,,,,,,,,,,
,,,,,,,,,,,,,,,,,,,
,,,,,,,,,,,,,,,,,,,
,,,,,,,,,,,,,,,,,,,
,,,,,,,,,,,,,,,,,,,
,,,,,,,,,,,,,,,,,,,
,,,,,,,,,,,,,,,,,,,
,,,,,,,,,,,,,,,,,,,
,,,,,,,,,,,,,,,,,,,
,,,,,,,,,,,,,,,,,,,
,,,,,,,,,,,,,,,,,,,
,,,,,,,,,,,,,,,,,,,
,,,,,,,,,,,,,,,,,,,
,,,,,,,,,,,,,,,,,,,
,,,,,,,,,,,,,,,,,,,
,,,,,,,,,,,,,,,,,,,
,,,,,,,,,,,,,,,,,,,
,,,,,,,,,,,,,,,,,,,
,,,,,,,,,,,,,,,,,,,
,,,,,,,,,,,,,,,,,,,
,,,,,,,,,,,,,,,,,,,
,,,,,,,,,,,,,,,,,,,
,,,,,,,,,,,,,,,,,,,
,,,,,,,,,,,,,,,,,,,
,,,,,,,,,,,,,,,,,,,
,,,,,,,,,,,,,,,,,,,
,,,,,,,,,,,,,,,,,,,
,,,,,,,,,,,,,,,,,,,
,,,,,,,,,,,,,,,,,,,
,,,,,,,,,,,,,,,,,,,
,,,,,,,,,,,,,,,,,,,
,,,,,,,,,,,,,,,,,,,
,,,,,,,,,,,,,,,,,,,
,,,,,,,,,,,,,,,,,,,
,,,,,,,,,,,,,,,,,,,
,,,,,,,,,,,,,,,,,,,
,,,,,,,,,,,,,,,,,,,
,,,,,,,,,,,,,,,,,,,
,,,,,,,,,,,,,,,,,,,
,,,,,,,,,,,,,,,,,,,
,,,,,,,,,,,,,,,,,,,
,,,,,,,,,,,,,,,,,,,
,,,,,,,,,,,,,,,,,,,
,,,,,,,,,,,,,,,,,,,
,,,,,,,,,,,,,,,,,,,
,,,,,,,,,,,,,,,,,,,
,,,,,,,,,,,,,,,,,,,
,,,,,,,,,,,,,,,,,,,
,,,,,,,,,,,,,,,,,,,
,,,,,,,,,,,,,,,,,,,
,,,,,,,,,,,,,,,,,,,
,,,,,,,,,,,,,,,,,,,
,,,,,,,,,,,,,,,,,,,
,,,,,,,,,,,,,,,,,,,
,,,,,,,,,,,,,,,,,,,
,,,,,,,,,,,,,,,,,,,
,,,,,,,,,,,,,,,,,,,
,,,,,,,,,,,,,,,,,,,
,,,,,,,,,,,,,,,,,,,
,,,,,,,,,,,,,,,,,,,
,,,,,,,,,,,,,,,,,,,
,,,,,,,,,,,,,,,,,,,
,,,,,,,,,,,,,,,,,,,
,,,,,,,,,,,,,,,,,,,
,,,,,,,,,,,,,,,,,,,
,,,,,,,,,,,,,,,,,,,
,,,,,,,,,,,,,,,,,,,
,,,,,,,,,,,,,,,,,,,
,,,,,,,,,,,,,,,,,,,
,,,,,,,,,,,,,,,,,,,
,,,,,,,,,,,,,,,,,,,
,,,,,,,,,,,,,,,,,,,
,,,,,,,,,,,,,,,,,,,
,,,,,,,,,,,,,,,,,,,
,,,,,,,,,,,,,,,,,,,
,,,,,,,,,,,,,,,,,,,
,,,,,,,,,,,,,,,,,,,
,,,,,,,,,,,,,,,,,,,
,,,,,,,,,,,,,,,,,,,
,,,,,,,,,,,,,,,,,,,
,,,,,,,,,,,,,,,,,,,
,,,,,,,,,,,,,,,,,,,
,,,,,,,,,,,,,,,,,,,
,,,,,,,,,,,,,,,,,,,
,,,,,,,,,,,,,,,,,,,
,,,,,,,,,,,,,,,,,,,
,,,,,,,,,,,,,,,,,,,
,,,,,,,,,,,,,,,,,,,
,,,,,,,,,,,,,,,,,,,
,,,,,,,,,,,,,,,,,,,
,,,,,,,,,,,,,,,,,,,
,,,,,,,,,,,,,,,,,,,
,,,,,,,,,,,,,,,,,,,
,,,,,,,,,,,,,,,,,,,
,,,,,,,,,,,,,,,,,,,
,,,,,,,,,,,,,,,,,,,
,,,,,,,,,,,,,,,,,,,
,,,,,,,,,,,,,,,,,,,
,,,,,,,,,,,,,,,,,,,
,,,,,,,,,,,,,,,,,,,
,,,,,,,,,,,,,,,,,,,
,,,,,,,,,,,,,,,,,,,
,,,,,,,,,,,,,,,,,,,
,,,,,,,,,,,,,,,,,,,
,,,,,,,,,,,,,,,,,,,
,,,,,,,,,,,,,,,,,,,
,,,,,,,,,,,,,,,,,,,
,,,,,,,,,,,,,,,,,,,
,,,,,,,,,,,,,,,,,,,
,,,,,,,,,,,,,,,,,,,
,,,,,,,,,,,,,,,,,,,
,,,,,,,,,,,,,,,,,,,
,,,,,,,,,,,,,,,,,,,
,,,,,,,,,,,,,,,,,,,
,,,,,,,,,,,,,,,,,,,
,,,,,,,,,,,,,,,,,,,
,,,,,,,,,,,,,,,,,,,
,,,,,,,,,,,,,,,,,,,
,,,,,,,,,,,,,,,,,,,
,,,,,,,,,,,,,,,,,,,
,,,,,,,,,,,,,,,,,,,
,,,,,,,,,,,,,,,,,,,
,,,,,,,,,,,,,,,,,,,
,,,,,,,,,,,,,,,,,,,
,,,,,,,,,,,,,,,,,,,
,,,,,,,,,,,,,,,,,,,
,,,,,,,,,,,,,,,,,,,
,,,,,,,,,,,,,,,,,,,
,,,,,,,,,,,,,,,,,,,
,,,,,,,,,,,,,,,,,,,
,,,,,,,,,,,,,,,,,,,
,,,,,,,,,,,,,,,,,,,
,,,,,,,,,,,,,,,,,,,
,,,,,,,,,,,,,,,,,,,
,,,,,,,,,,,,,,,,,,,
,,,,,,,,,,,,,,,,,,,
,,,,,,,,,,,,,,,,,,,
,,,,,,,,,,,,,,,,,,,
,,,,,,,,,,,,,,,,,,,
,,,,,,,,,,,,,,,,,,,
,,,,,,,,,,,,,,,,,,,
,,,,,,,,,,,,,,,,,,,
,,,,,,,,,,,,,,,,,,,
,,,,,,,,,,,,,,,,,,,
,,,,,,,,,,,,,,,,,,,
,,,,,,,,,,,,,,,,,,,
,,,,,,,,,,,,,,,,,,,
,,,,,,,,,,,,,,,,,,,
,,,,,,,,,,,,,,,,,,,
,,,,,,,,,,,,,,,,,,,
,,,,,,,,,,,,,,,,,,,
,,,,,,,,,,,,,,,,,,,
,,,,,,,,,,,,,,,,,,,
,,,,,,,,,,,,,,,,,,,
,,,,,,,,,,,,,,,,,,,
,,,,,,,,,,,,,,,,,,,
,,,,,,,,,,,,,,,,,,,
,,,,,,,,,,,,,,,,,,,
,,,,,,,,,,,,,,,,,,,
,,,,,,,,,,,,,,,,,,,
,,,,,,,,,,,,,,,,,,,
,,,,,,,,,,,,,,,,,,,
,,,,,,,,,,,,,,,,,,,
,,,,,,,,,,,,,,,,,,,
,,,,,,,,,,,,,,,,,,,
,,,,,,,,,,,,,,,,,,,
,,,,,,,,,,,,,,,,,,,
,,,,,,,,,,,,,,,,,,,
,,,,,,,,,,,,,,,,,,,
,,,,,,,,,,,,,,,,,,,
,,,,,,,,,,,,,,,,,,,
,,,,,,,,,,,,,,,,,,,
,,,,,,,,,,,,,,,,,,,
,,,,,,,,,,,,,,,,,,,
,,,,,,,,,,,,,,,,,,,
,,,,,,,,,,,,,,,,,,,
,,,,,,,,,,,,,,,,,,,
,,,,,,,,,,,,,,,,,,,
,,,,,,,,,,,,,,,,,,,
,,,,,,,,,,,,,,,,,,,
,,,,,,,,,,,,,,,,,,,
,,,,,,,,,,,,,,,,,,,
,,,,,,,,,,,,,,,,,,,
,,,,,,,,,,,,,,,,,,,
,,,,,,,,,,,,,,,,,,,
,,,,,,,,,,,,,,,,,,,
,,,,,,,,,,,,,,,,,,,
,,,,,,,,,,,,,,,,,,,
,,,,,,,,,,,,,,,,,,,
,,,,,,,,,,,,,,,,,,,
,,,,,,,,,,,,,,,,,,,
,,,,,,,,,,,,,,,,,,,
,,,,,,,,,,,,,,,,,,,
,,,,,,,,,,,,,,,,,,,
,,,,,,,,,,,,,,,,,,,
,,,,,,,,,,,,,,,,,,,
,,,,,,,,,,,,,,,,,,,
,,,,,,,,,,,,,,,,,,,
,,,,,,,,,,,,,,,,,,,
,,,,,,,,,,,,,,,,,,,
,,,,,,,,,,,,,,,,,,,
,,,,,,,,,,,,,,,,,,,
,,,,,,,,,,,,,,,,,,,
,,,,,,,,,,,,,,,,,,,
,,,,,,,,,,,,,,,,,,,
,,,,,,,,,,,,,,,,,,,
,,,,,,,,,,,,,,,,,,,
,,,,,,,,,,,,,,,,,,,
,,,,,,,,,,,,,,,,,,,
,,,,,,,,,,,,,,,,,,,
,,,,,,,,,,,,,,,,,,,
,,,,,,,,,,,,,,,,,,,
,,,,,,,,,,,,,,,,,,,
,,,,,,,,,,,,,,,,,,,
,,,,,,,,,,,,,,,,,,,
,,,,,,,,,,,,,,,,,,,
,,,,,,,,,,,,,,,,,,,
,,,,,,,,,,,,,,,,,,,
,,,,,,,,,,,,,,,,,,,
,,,,,,,,,,,,,,,,,,,
,,,,,,,,,,,,,,,,,,,
,,,,,,,,,,,,,,,,,,,
,,,,,,,,,,,,,,,,,,,
,,,,,,,,,,,,,,,,,,,
,,,,,,,,,,,,,,,,,,,
,,,,,,,,,,,,,,,,,,,
,,,,,,,,,,,,,,,,,,,
,,,,,,,,,,,,,,,,,,,
,,,,,,,,,,,,,,,,,,,
,,,,,,,,,,,,,,,,,,,
,,,,,,,,,,,,,,,,,,,
,,,,,,,,,,,,,,,,,,,
,,,,,,,,,,,,,,,,,,,
,,,,,,,,,,,,,,,,,,,
,,,,,,,,,,,,,,,,,,,
,,,,,,,,,,,,,,,,,,,
,,,,,,,,,,,,,,,,,,,
,,,,,,,,,,,,,,,,,,,
,,,,,,,,,,,,,,,,,,,
,,,,,,,,,,,,,,,,,,,
,,,,,,,,,,,,,,,,,,,
,,,,,,,,,,,,,,,,,,,
,,,,,,,,,,,,,,,,,,,
,,,,,,,,,,,,,,,,,,,
,,,,,,,,,,,,,,,,,,,
,,,,,,,,,,,,,,,,,,,
,,,,,,,,,,,,,,,,,,,
,,,,,,,,,,,,,,,,,,,
,,,,,,,,,,,,,,,,,,,
,,,,,,,,,,,,,,,,,,,
,,,,,,,,,,,,,,,,,,,
,,,,,,,,,,,,,,,,,,,
,,,,,,,,,,,,,,,,,,,
,,,,,,,,,,,,,,,,,,,
,,,,,,,,,,,,,,,,,,,
,,,,,,,,,,,,,,,,,,,
,,,,,,,,,,,,,,,,,,,
,,,,,,,,,,,,,,,,,,,
,,,,,,,,,,,,,,,,,,,
,,,,,,,,,,,,,,,,,,,
,,,,,,,,,,,,,,,,,,,
,,,,,,,,,,,,,,,,,,,
,,,,,,,,,,,,,,,,,,,
,,,,,,,,,,,,,,,,,,,
,,,,,,,,,,,,,,,,,,,
,,,,,,,,,,,,,,,,,,,
,,,,,,,,,,,,,,,,,,,
,,,,,,,,,,,,,,,,,,,
,,,,,,,,,,,,,,,,,,,
,,,,,,,,,,,,,,,,,,,
,,,,,,,,,,,,,,,,,,,
,,,,,,,,,,,,,,,,,,,
,,,,,,,,,,,,,,,,,,,
,,,,,,,,,,,,,,,,,,,
,,,,,,,,,,,,,,,,,,,
,,,,,,,,,,,,,,,,,,,
,,,,,,,,,,,,,,,,,,,
,,,,,,,,,,,,,,,,,,,
,,,,,,,,,,,,,,,,,,,
,,,,,,,,,,,,,,,,,,,
,,,,,,,,,,,,,,,,,,,
,,,,,,,,,,,,,,,,,,,
,,,,,,,,,,,,,,,,,,,
,,,,,,,,,,,,,,,,,,,
,,,,,,,,,,,,,,,,,,,
,,,,,,,,,,,,,,,,,,,
,,,,,,,,,,,,,,,,,,,
,,,,,,,,,,,,,,,,,,,
,,,,,,,,,,,,,,,,,,,
,,,,,,,,,,,,,,,,,,,
,,,,,,,,,,,,,,,,,,,
,,,,,,,,,,,,,,,,,,,
,,,,,,,,,,,,,,,,,,,
,,,,,,,,,,,,,,,,,,,
,,,,,,,,,,,,,,,,,,,
,,,,,,,,,,,,,,,,,,,
,,,,,,,,,,,,,,,,,,,II
,,,,,,,,,,,,,,,,,,,
,,,,,,,,,,,,,,,,,,,
,,,,,,,,,,,,,,,,,,,Jr.
,,,,,,,,,,,,,,,,,,,
,,,,,,,,,,,,,,,,,,,
,,,,,,,,,,,,,,,,,,,
,,,,,,,,,,,,,,,,,,,
,,,,,,,,,,,,,,,,,,,
,,,,,,,,,,,,,,,,,,,
,,,,,,,,,,,,,,,,,,,
,,,,,,,,,,,,,,,,,,,
,,,,,,,,,,,,,,,,,,,
,,,,,,,,,,,,,,,,,,,
,,,,,,,,,,,,,,,,,,,
,,,,,,,,,,,,,,,,,,,
,,,,,,,,,,,,,,,,,,,
,,,,,,,,,,,,,,,,,,,
,,,,,,,,,,,,,,,,,,,
,,,,,,,,,,,,,,,,,,,
,,,,,,,,,,,,,,,,,,,
,,,,,,,,,,,,,,,,,,,
,,,,,,,,,,,,,,,,,,,
,,,,,,,,,,,,,,,,,,,
,,,,,,,,,,,,,,,,,,,
,,,,,,,,,,,,,,,,,,,
,,,,,,,,,,,,,,,,,,,
,,,,,,,,,,,,,,,,,,,
,,,,,,,,,,,,,,,,,,,
,,,,,,,,,,,,,,,,,,,
,,,,,,,,,,,,,,,,,,,
,,,,,,,,,,,,,,,,,,,
,,,,,,,,,,,,,,,,,,,
,,,,,,,,,,,,,,,,,,,
,,,,,,,,,,,,,,,,,,,
,,,,,,,,,,,,,,,,,,,
,,,,,,,,,,,,,,,,,,,
,,,,,,,,,,,,,,,,,,,
,,,,,,,,,,,,,,,,,,,
,,,,,,,,,,,,,,,,,,,
,,,,,,,,,,,,,,,,,,,
,,,,,,,,,,,,,,,,,,,
,,,,,,,,,,,,,,,,,,,
,,,,,,,,,,,,,,,,,,,
,,,,,,,,,,,,,,,,,,,
,,,,,,,,,,,,,,,,,,,
,,,,,,,,,,,,,,,,,,,
,,,,,,,,,,,,,,,,,,,
,,,,,,,,,,,,,,,,,,,
,,,,,,,,,,,,,,,,,,,
,,,,,,,,,,,,,,,,,,,
,,,,,,,,,,,,,,,,,,,
,,,,,,,,,,,,,,,,,,,
,,,,,,,,,,,,,,,,,,,
,,,,,,,,,,,,,,,,,,,
,,,,,,,,,,,,,,,,,,,
,,,,,,,,,,,,,,,,,,,
,,,,,,,,,,,,,,,,,,,
,,,,,,,,,,,,,,,,,,,
,,,,,,,,,,,,,,,,,,,
,,,,,,,,,,,,,,,,,,,
,,,,,,,,,,,,,,,,,,,
,,,,,,,,,,,,,,,,,,,
,,,,,,,,,,,,,,,,,,,
,,,,,,,,,,,,,,,,,,,
,,,,,,,,,,,,,,,,,,,
,,,,,,,,,,,,,,,,,,,
,,,,,,,,,,,,,,,,,,,
,,,,,,,,,,,,,,,,,,,
,,,,,,,,,,,,,,,,,,,
,,,,,,,,,,,,,,,,,,,
,,,,,,,,,,,,,,,,,,,
,,,,,,,,,,,,,,,,,,,
,,,,,,,,,,,,,,,,,,,
,,,,,,,,,,,,,,,,,,,
,,,,,,,,,,,,,,,,,,,
,,,,,,,,,,,,,,,,,,,
,,,,,,,,,,,,,,,,,,,
,,,,,,,,,,,,,,,,,,,
,,,,,,,,,,,,,,,,,,,
,,,,,,,,,,,,,,,,,,,
,,,,,,,,,,,,,,,,,,,
,,,,,,,,,,,,,,,,,,,
,,,,,,,,,,,,,,,,,,,
,,,,,,,,,,,,,,,,,,,
,,,,,,,,,,,,,,,,,,,
,,,,,,,,,,,,,,,,,,,
,,,,,,,,,,,,,,,,,,,
,,,,,,,,,,,,,,,,,,,
,,,,,,,,,,,,,,,,,,,
,,,,,,,,,,,,,,,,,,,
,,,,,,,,,,,,,,,,,,,
,,,,,,,,,,,,,,,,,,,
,,,,,,,,,,,,,,,,,,,
,,,,,,,,,,,,,,,,,,,
,,,,,,,,,,,,,,,,,,,
,,,,,,,,,,,,,,,,,,,
,,,,,,,,,,,,,,,,,,,
,,,,,,,,,,,,,,,,,,,
,,,,,,,,,,,,,,,,,,,
,,,,,,,,,,,,,,,,,,,
,,,,,,,,,,,,,,,,,,,
,,,,,,,,,,,,,,,,,,,
,,,,,,,,,,,,,,,,,,,
,,,,,,,,,,,,,,,,,,,
,,,,,,,,,,,,,,,,,,,
,,,,,,,,,,,,,,,,,,,
,,,,,,,,,,,,,,,,,,,
,,,,,,,,,,,,,,,,,,,
,,,,,,,,,,,,,,,,,,,
,,,,,,,,,,,,,,,,,,,
,,,,,,,,,,,,,,,,,,,
,,,,,,,,,,,,,,,,,,,
,,,,,,,,,,,,,,,,,,,
,,,,,,,,,,,,,,,,,,,
,,,,,,,,,,,,,,,,,,,
,,,,,,,,,,,,,,,,,,,
,,,,,,,,,,,,,,,,,,,
,,,,,,,,,,,,,,,,,,,
,,,,,,,,,,,,,,,,,,,
,,,,,,,,,,,,,,,,,,,
,,,,,,,,,,,,,,,,,,,
,,,,,,,,,,,,,,,,,,,
,,,,,,,,,,,,,,,,,,,
,,,,,,,,,,,,,,,,,,,
,,,,,,,,,,,,,,,,,,,
,,,,,,,,,,,,,,,,,,,
,,,,,,,,,,,,,,,,,,,
,,,,,,,,,,,,,,,,,,,
,,,,,,,,,,,,,,,,,,,
,,,,,,,,,,,,,,,,,,,
,,,,,,,,,,,,,,,,,,,
,,,,,,,,,,,,,,,,,,,
,,,,,,,,,,,,,,,,,,,
,,,,,,,,,,,,,,,,,,,
,,,,,,,,,,,,,,,,,,,
,,,,,,,,,,,,,,,,,,,
,,,,,,,,,,,,,,,,,,,
,,,,,,,,,,,,,,,,,,,
,,,,,,,,,,,,,,,,,,,
,,,,,,,,,,,,,,,,,,,
,,,,,,,,,,,,,,,,,,,
,,,,,,,,,,,,,,,,,,,
,,,,,,,,,,,,,,,,,,,
,,,,,,,,,,,,,,,,,,,
,,,,,,,,,,,,,,,,,,,
,,,,,,,,,,,,,,,,,,,
,,,,,,,,,,,,,,,,,,,
,,,,,,,,,,,,,,,,,,,
,,,,,,,,,,,,,,,,,,,
,,,,,,,,,,,,,,,,,,,
,,,,,,,,,,,,,,,,,,,
,,,,,,,,,,,,,,,,,,,
,,,,,,,,,,,,,,,,,,,
,,,,,,,,,,,,,,,,,,,
,,,,,,,,,,,,,,,,,,,
,,,,,,,,,,,,,,,,,,,
,,,,,,,,,,,,,,,,,,,
,,,,,,,,,,,,,,,,,,,
,,,,,,,,,,,,,,,,,,,
,,,,,,,,,,,,,,,,,,,
,,,,,,,,,,,,,,,,,,,
,,,,,,,,,,,,,,,,,,,
,,,,,,,,,,,,,,,,,,,
,,,,,,,,,,,,,,,,,,,
,,,,,,,,,,,,,,,,,,,
,,,,,,,,,,,,,,,,,,,
,,,,,,,,,,,,,,,,,,,
,,,,,,,,,,,,,,,,,,,
,,,,,,,,,,,,,,,,,,,
,,,,,,,,,,,,,,,,,,,
,,,,,,,,,,,,,,,,,,,
,,,,,,,,,,,,,,,,,,,
,,,,,,,,,,,,,,,,,,,
,,,,,,,,,,,,,,,,,,,
,,,,,,,,,,,,,,,,,,,
,,,,,,,,,,,,,,,,,,,
,,,,,,,,,,,,,,,,,,,
,,,,,,,,,,,,,,,,,,,
,,,,,,,,,,,,,,,,,,,
,,,,,,,,,,,,,,,,,,,
,,,,,,,,,,,,,,,,,,,
,,,,,,,,,,,,,,,,,,,
,,,,,,,,,,,,,,,,,,,
,,,,,,,,,,,,,,,,,,,
,,,,,,,,,,,,,,,,,,,
,,,,,,,,,,,,,,,,,,,
,,,,,,,,,,,,,,,,,,,
,,,,,,,,,,,,,,,,,,,
,,,,,,,,,,,,,,,,,,,
,,,,,,,,,,,,,,,,,,,
,,,,,,,,,,,,,,,,,,,
,,,,,,,,,,,,,,,,,,,
,,,,,,,,,,,,,,,,,,,
,,,,,,,,,,,,,,,,,,,
,,,,,,,,,,,,,,,,,,,
,,,,,,,,,,,,,,,,,,,
,,,,,,,,,,,,,,,,,,,
,,,,,,,,,,,,,,,,,,,
,,,,,,,,,,,,,,,,,,,
,,,,,,,,,,,,,,,,,,,
,,,,,,,,,,,,,,,,,,,
,,,,,,,,,,,,,,,,,,,
,,,,,,,,,,,,,,,,,,,
,,,,,,,,,,,,,,,,,,,
,,,,,,,,,,,,,,,,,,,
,,,,,,,,,,,,,,,,,,,
,,,,,,,,,,,,,,,,,,,
,,,,,,,,,,,,,,,,,,,
,,,,,,,,,,,,,,,,,,,
,,,,,,,,,,,,,,,,,,,
,,,,,,,,,,,,,,,,,,,
,,,,,,,,,,,,,,,,,,,
,,,,,,,,,,,,,,,,,,,
,,,,,,,,,,,,,,,,,,,
,,,,,,,,,,,,,,,,,,,
,,,,,,,,,,,,,,,,,,,
,,,,,,,,,,,,,,,,,,,
,,,,,,,,,,,,,,,,,,,
,,,,,,,,,,,,,,,,,,,
,,,,,,,,,,,,,,,,,,,
,,,,,,,,,,,,,,,,,,,
,,,,,,,,,,,,,,,,,,,
,,,,,,,,,,,,,,,,,,,
,,,,,,,,,,,,,,,,,,,
,,,,,,,,,,,,,,,,,,,
,,,,,,,,,,,,,,,,,,,
,,,,,,,,,,,,,,,,,,,
,,,,,,,,,,,,,,,,,,,
,,,,,,,,,,,,,,,,,,,
,,,,,,,,,,,,,,,,,,,
,,,,,,,,,,,,,,,,,,,
,,,,,,,,,,,,,,,,,,,
,,,,,,,,,,,,,,,,,,,
,,,,,,,,,,,,,,,,,,,
,,,,,,,,,,,,,,,,,,,
,,,,,,,,,,,,,,,,,,,
,,,,,,,,,,,,,,,,,,,
,,,,,,,,,,,,,,,,,,,
,,,,,,,,,,,,,,,,,,,
,,,,,,,,,,,,,,,,,,,
,,,,,,,,,,,,,,,,,,,
,,,,,,,,,,,,,,,,,,,
,,,,,,,,,,,,,,,,,,,
,,,,,,,,,,,,,,,,,,,
,,,,,,,,,,,,,,,,,,,
,,,,,,,,,,,,,,,,,,,
,,,,,,,,,,,,,,,,,,,
,,,,,,,,,,,,,,,,,,,
,,,,,,,,,,,,,,,,,,,
,,,,,,,,,,,,,,,,,,,
,,,,,,,,,,,,,,,,,,,
,,,,,,,,,,,,,,,,,,,
,,,,,,,,,,,,,,,,,,,
,,,,,,,,,,,,,,,,,,,
,,,,,,,,,,,,,,,,,,,
,,,,,,,,,,,,,,,,,,,
,,,,,,,,,,,,,,,,,,,
,,,,,,,,,,,,,,,,,,,
,,,,,,,,,,,,,,,,,,,
,,,,,,,,,,,,,,,,,,,
,,,,,,,,,,,,,,,,,,,
,,,,,,,,,,,,,,,,,,,
,,,,,,,,,,,,,,,,,,,
,,,,,,,,,,,,,,,,,,,
,,,,,,,,,,,,,,,,,,,
,,,,,,,,,,,,,,,,,,,
,,,,,,,,,,,,,,,,,,,
,,,,,,,,,,,,,,,,,,,
,,,,,,,,,,,,,,,,,,,
,,,,,,,,,,,,,,,,,,,
,,,,,,,,,,,,,,,,,,,
,,,,,,,,,,,,,,,,,,,
,,,,,,,,,,,,,,,,,,,
,,,,,,,,,,,,,,,,,,,
,,,,,,,,,,,,,,,,,,,
,,,,,,,,,,,,,,,,,,,
,,,,,,,,,,,,,,,,,,,
,,,,,,,,,,,,,,,,,,,
,,,,,,,,,,,,,,,,,,,
,,,,,,,,,,,,,,,,,,,
,,,,,,,,,,,,,,,,,,,
,,,,,,,,,,,,,,,,,,,
,,,,,,,,,,,,,,,,,,,
,,,,,,,,,,,,,,,,,,,
,,,,,,,,,,,,,,,,,,,
,,,,,,,,,,,,,,,,,,,
,,,,,,,,,,,,,,,,,,,
,,,,,,,,,,,,,,,,,,,
,,,,,,,,,,,,,,,,,,,
,,,,,,,,,,,,,,,,,,,
,,,,,,,,,,,,,,,,,,,
,,,,,,,,,,,,,,,,,,,
,,,,,,,,,,,,,,,,,,,
,,,,,,,,,,,,,,,,,,,
,,,,,,,,,,,,,,,,,,,
,,,,,,,,,,,,,,,,,,,
,,,,,,,,,,,,,,,,,,,
,,,,,,,,,,,,,,,,,,,
,,,,,,,,,,,,,,,,,,,
,,,,,,,,,,,,,,,,,,,
,,,,,,,,,,,,,,,,,,,
,,,,,,,,,,,,,,,,,,,
,,,,,,,,,,,,,,,,,,,
,,,,,,,,,,,,,,,,,,,
,,,,,,,,,,,,,,,,,,,
,,,,,,,,,,,,,,,,,,,
,,,,,,,,,,,,,,,,,,,
,,,,,,,,,,,,,,,,,,,
,,,,,,,,,,,,,,,,,,,
,,,,,,,,,,,,,,,,,,,
,,,,,,,,,,,,,,,,,,,
,,,,,,,,,,,,,,,,,,,
,,,,,,,,,,,,,,,,,,,
,,,,,,,,,,,,,,,,,,,
,,,,,,,,,,,,,,,,,,,
,,,,,,,,,,,,,,,,,,,
,,,,,,,,,,,,,,,,,,,
,,,,,,,,,,,,,,,,,,,
,,,,,,,,,,,,,,,,,,,
,,,,,,,,,,,,,,,,,,,
,,,,,,,,,,,,,,,,,,,
,,,,,,,,,,,,,,,,,,,
,,,,,,,,,,,,,,,,,,,
,,,,,,,,,,,,,,,,,,,
,,,,,,,,,,,,,,,,,,,
,,,,,,,,,,,,,,,,,,,
,,,,,,,,,,,,,,,,,,,
,,,,,,,,,,,,,,,,,,,
,,,,,,,,,,,,,,,,,,,
,,,,,,,,,,,,,,,,,,,
,,,,,,,,,,,,,,,,,,,
,,,,,,,,,,,,,,,,,,,
,,,,,,,,,,,,,,,,,,,
,,,,,,,,,,,,,,,,,,,
,,,,,,,,,,,,,,,,,,,
,,,,,,,,,,,,,,,,,,,
,,,,,,,,,,,,,,,,,,,
,,,,,,,,,,,,,,,,,,,
,,,,,,,,,,,,,,,,,,,
,,,,,,,,,,,,,,,,,,,
,,,,,,,,,,,,,,,,,,,
,,,,,,,,,,,,,,,,,,,
,,,,,,,,,,,,,,,,,,,
,,,,,,,,,,,,,,,,,,,
,,,,,,,,,,,,,,,,,,,
,,,,,,,,,,,,,,,,,,,
,,,,,,,,,,,,,,,,,,,
,,,,,,,,,,,,,,,,,,,
,,,,,,,,,,,,,,,,,,,
,,,,,,,,,,,,,,,,,,,
,,,,,,,,,,,,,,,,,,,
,,,,,,,,,,,,,,,,,,,
,,,,,,,,,,,,,,,,,,,
,,,,,,,,,,,,,,,,,,,
,,,,,,,,,,,,,,,,,,,
,,,,,,,,,,,,,,,,,,,
,,,,,,,,,,,,,,,,,,,
,,,,,,,,,,,,,,,,,,,
,,,,,,,,,,,,,,,,,,,
,,,,,,,,,,,,,,,,,,,
,,,,,,,,,,,,,,,,,,,
,,,,,,,,,,,,,,,,,,,
,,,,,,,,,,,,,,,,,,,
,,,,,,,,,,,,,,,,,,,
,,,,,,,,,,,,,,,,,,,
,,,,,,,,,,,,,,,,,,,
,,,,,,,,,,,,,,,,,,,
,,,,,,,,,,,,,,,,,,,
,,,,,,,,,,,,,,,,,,,
,,,,,,,,,,,,,,,,,,,
,,,,,,,,,,,,,,,,,,,
,,,,,,,,,,,,,,,,,,,
,,,,,,,,,,,,,,,,,,,
,,,,,,,,,,,,,,,,,,,
,,,,,,,,,,,,,,,,,,,
,,,,,,,,,,,,,,,,,,,
,,,,,,,,,,,,,,,,,,,
,,,,,,,,,,,,,,,,,,,
,,,,,,,,,,,,,,,,,,,
,,,,,,,,,,,,,,,,,,,
,,,,,,,,,,,,,,,,,,,
,,,,,,,,,,,,,,,,,,,
,,,,,,,,,,,,,,,,,,,
,,,,,,,,,,,,,,,,,,,
,,,,,,,,,,,,,,,,,,,
,,,,,,,,,,,,,,,,,,,
,,,,,,,,,,,,,,,,,,,
,,,,,,,,,,,,,,,,,,,
,,,,,,,,,,,,,,,,,,,
,,,,,,,,,,,,,,,,,,,
,,,,,,,,,,,,,,,,,,,
,,,,,,,,,,,,,,,,,,,
,,,,,,,,,,,,,,,,,,,
,,,,,,,,,,,,,,,,,,,
,,,,,,,,,,,,,,,,,,,
,,,,,,,,,,,,,,,,,,,
,,,,,,,,,,,,,,,,,,,
,,,,,,,,,,,,,,,,,,,
,,,,,,,,,,,,,,,,,,,
,,,,,,,,,,,,,,,,,,,
,,,,,,,,,,,,,,,,,,,
